timestamp_local,timestamp_utc,location_id,location,day_ahead_price_usd_mwh,loss_component_usd_mwh,congestion_component_usd_mwh,energy_component_usd_mwh,source_time_zone,load_location,load_location_id,actual_load_mw
2025-01-01 00:00:00,2025-01-01 05:00:00+00:00,61758,HUD VL,33.16,1.31,0.0,31.849999999999998,EST,HUD VL,61758,958.0416
2025-01-01 01:00:00,2025-01-01 06:00:00+00:00,61758,HUD VL,32.07,1.26,0.0,30.81,EST,HUD VL,61758,915.9221
2025-01-01 02:00:00,2025-01-01 07:00:00+00:00,61758,HUD VL,30.02,1.16,0.0,28.86,EST,HUD VL,61758,884.2183
2025-01-01 03:00:00,2025-01-01 08:00:00+00:00,61758,HUD VL,28.28,1.01,0.0,27.27,EST,HUD VL,61758,864.1147
2025-01-01 04:00:00,2025-01-01 09:00:00+00:00,61758,HUD VL,28.22,1.03,0.0,27.189999999999998,EST,HUD VL,61758,860.9837
2025-01-01 05:00:00,2025-01-01 10:00:00+00:00,61758,HUD VL,30.27,1.19,0.0,29.08,EST,HUD VL,61758,871.1607
2025-01-01 06:00:00,2025-01-01 11:00:00+00:00,61758,HUD VL,31.07,1.31,0.0,29.76,EST,HUD VL,61758,899.706
2025-01-01 07:00:00,2025-01-01 12:00:00+00:00,61758,HUD VL,31.05,1.42,0.0,29.630000000000003,EST,HUD VL,61758,925.1161
2025-01-01 08:00:00,2025-01-01 13:00:00+00:00,61758,HUD VL,33.46,1.56,0.0,31.900000000000002,EST,HUD VL,61758,938.1813
2025-01-01 09:00:00,2025-01-01 14:00:00+00:00,61758,HUD VL,34.0,1.62,0.0,32.38,EST,HUD VL,61758,928.873
2025-01-01 10:00:00,2025-01-01 15:00:00+00:00,61758,HUD VL,37.0,1.73,0.0,35.27,EST,HUD VL,61758,941.4483
2025-01-01 11:00:00,2025-01-01 16:00:00+00:00,61758,HUD VL,37.38,1.91,0.0,35.470000000000006,EST,HUD VL,61758,1022.7115
2025-01-01 12:00:00,2025-01-01 17:00:00+00:00,61758,HUD VL,38.14,1.92,0.0,36.22,EST,HUD VL,61758,1062.9042
2025-01-01 13:00:00,2025-01-01 18:00:00+00:00,61758,HUD VL,38.72,2.05,0.0,36.67,EST,HUD VL,61758,1080.4335
2025-01-01 14:00:00,2025-01-01 19:00:00+00:00,61758,HUD VL,39.14,2.11,0.0,37.03,EST,HUD VL,61758,1107.5929
2025-01-01 15:00:00,2025-01-01 20:00:00+00:00,61758,HUD VL,39.05,2.25,0.0,36.8,EST,HUD VL,61758,1125.0406
2025-01-01 16:00:00,2025-01-01 21:00:00+00:00,61758,HUD VL,42.34,2.62,0.0,39.720000000000006,EST,HUD VL,61758,1187.0812
2025-01-01 17:00:00,2025-01-01 22:00:00+00:00,61758,HUD VL,54.03,3.53,0.0,50.5,EST,HUD VL,61758,1253.0493
2025-01-01 18:00:00,2025-01-01 23:00:00+00:00,61758,HUD VL,46.47,3.0,0.0,43.47,EST,HUD VL,61758,1245.8952
2025-01-01 19:00:00,2025-01-02 00:00:00+00:00,61758,HUD VL,43.42,2.77,0.0,40.65,EST,HUD VL,61758,1221.7574
2025-01-01 20:00:00,2025-01-02 01:00:00+00:00,61758,HUD VL,40.85,2.6,0.0,38.25,EST,HUD VL,61758,1187.3734
2025-01-01 21:00:00,2025-01-02 02:00:00+00:00,61758,HUD VL,36.3,2.28,0.0,34.019999999999996,EST,HUD VL,61758,1136.2633
2025-01-01 22:00:00,2025-01-02 03:00:00+00:00,61758,HUD VL,33.47,2.07,0.0,31.4,EST,HUD VL,61758,1069.7532
2025-01-01 23:00:00,2025-01-02 04:00:00+00:00,61758,HUD VL,33.32,1.83,0.0,31.490000000000002,EST,HUD VL,61758,1009.9557
2025-01-02 00:00:00,2025-01-02 05:00:00+00:00,61758,HUD VL,36.8,1.88,0.0,34.919999999999995,EST,HUD VL,61758,960.0191
2025-01-02 01:00:00,2025-01-02 06:00:00+00:00,61758,HUD VL,36.14,1.82,0.0,34.32,EST,HUD VL,61758,923.1678
2025-01-02 02:00:00,2025-01-02 07:00:00+00:00,61758,HUD VL,33.17,1.64,0.0,31.53,EST,HUD VL,61758,910.6086
2025-01-02 03:00:00,2025-01-02 08:00:00+00:00,61758,HUD VL,31.42,1.58,0.0,29.840000000000003,EST,HUD VL,61758,910.1963
2025-01-02 04:00:00,2025-01-02 09:00:00+00:00,61758,HUD VL,34.17,1.75,0.0,32.42,EST,HUD VL,61758,927.0452
2025-01-02 05:00:00,2025-01-02 10:00:00+00:00,61758,HUD VL,37.62,1.99,0.0,35.629999999999995,EST,HUD VL,61758,973.7121
2025-01-02 06:00:00,2025-01-02 11:00:00+00:00,61758,HUD VL,41.86,2.56,-1.15,40.449999999999996,EST,HUD VL,61758,1065.5864
2025-01-02 07:00:00,2025-01-02 12:00:00+00:00,61758,HUD VL,50.87,2.87,-6.4,54.4,EST,HUD VL,61758,1131.2233
2025-01-02 08:00:00,2025-01-02 13:00:00+00:00,61758,HUD VL,50.27,2.91,-5.8,53.16,EST,HUD VL,61758,1148.1058
2025-01-02 09:00:00,2025-01-02 14:00:00+00:00,61758,HUD VL,46.98,2.92,-2.94,46.99999999999999,EST,HUD VL,61758,1128.6201
2025-01-02 10:00:00,2025-01-02 15:00:00+00:00,61758,HUD VL,46.21,2.97,-1.37,44.61,EST,HUD VL,61758,1115.2659
2025-01-02 11:00:00,2025-01-02 16:00:00+00:00,61758,HUD VL,45.03,2.95,-1.16,43.239999999999995,EST,HUD VL,61758,1099.5348
2025-01-02 12:00:00,2025-01-02 17:00:00+00:00,61758,HUD VL,43.73,2.92,-0.74,41.55,EST,HUD VL,61758,1035.4963
2025-01-02 13:00:00,2025-01-02 18:00:00+00:00,61758,HUD VL,45.22,3.02,-0.82,43.019999999999996,EST,HUD VL,61758,1066.9582
2025-01-02 14:00:00,2025-01-02 19:00:00+00:00,61758,HUD VL,46.04,3.04,-1.89,44.89,EST,HUD VL,61758,1158.0283
2025-01-02 15:00:00,2025-01-02 20:00:00+00:00,61758,HUD VL,51.19,3.25,-4.63,52.57,EST,HUD VL,61758,1218.7307
2025-01-02 16:00:00,2025-01-02 21:00:00+00:00,61758,HUD VL,61.37,3.97,-7.86,65.26,EST,HUD VL,61758,1304.9973
2025-01-02 17:00:00,2025-01-02 22:00:00+00:00,61758,HUD VL,70.8,4.52,-11.18,77.46000000000001,EST,HUD VL,61758,1386.7393
2025-01-02 18:00:00,2025-01-02 23:00:00+00:00,61758,HUD VL,65.6,4.51,-6.04,67.13,EST,HUD VL,61758,1389.4114
2025-01-02 19:00:00,2025-01-03 00:00:00+00:00,61758,HUD VL,59.0,3.89,-5.86,60.97,EST,HUD VL,61758,1372.3806
2025-01-02 20:00:00,2025-01-03 01:00:00+00:00,61758,HUD VL,55.93,3.68,-3.21,55.46,EST,HUD VL,61758,1335.7317
2025-01-02 21:00:00,2025-01-03 02:00:00+00:00,61758,HUD VL,51.01,3.34,-1.82,49.49,EST,HUD VL,61758,1277.7641
2025-01-02 22:00:00,2025-01-03 03:00:00+00:00,61758,HUD VL,46.35,3.07,0.0,43.28,EST,HUD VL,61758,1206.6049
2025-01-02 23:00:00,2025-01-03 04:00:00+00:00,61758,HUD VL,43.63,2.59,0.0,41.040000000000006,EST,HUD VL,61758,1136.0504
2025-01-03 00:00:00,2025-01-03 05:00:00+00:00,61758,HUD VL,43.83,2.44,0.0,41.39,EST,HUD VL,61758,1085.5623
2025-01-03 01:00:00,2025-01-03 06:00:00+00:00,61758,HUD VL,41.71,2.29,0.0,39.42,EST,HUD VL,61758,1053.6127
2025-01-03 02:00:00,2025-01-03 07:00:00+00:00,61758,HUD VL,40.99,2.21,0.0,38.78,EST,HUD VL,61758,1034.7399
2025-01-03 03:00:00,2025-01-03 08:00:00+00:00,61758,HUD VL,41.75,2.33,0.0,39.42,EST,HUD VL,61758,1028.3564
2025-01-03 04:00:00,2025-01-03 09:00:00+00:00,61758,HUD VL,43.01,2.4,0.0,40.61,EST,HUD VL,61758,1039.2943
2025-01-03 05:00:00,2025-01-03 10:00:00+00:00,61758,HUD VL,49.25,2.7,0.0,46.55,EST,HUD VL,61758,1079.1642
2025-01-03 06:00:00,2025-01-03 11:00:00+00:00,61758,HUD VL,57.23,3.29,0.0,53.94,EST,HUD VL,61758,1136.6022
2025-01-03 07:00:00,2025-01-03 12:00:00+00:00,61758,HUD VL,59.48,3.85,-0.65,56.279999999999994,EST,HUD VL,61758,1190.2455
2025-01-03 08:00:00,2025-01-03 13:00:00+00:00,61758,HUD VL,55.88,4.07,3.23,48.580000000000005,EST,HUD VL,61758,1209.7667
2025-01-03 09:00:00,2025-01-03 14:00:00+00:00,61758,HUD VL,52.0,3.68,5.83,42.49,EST,HUD VL,61758,1207.9963
2025-01-03 10:00:00,2025-01-03 15:00:00+00:00,61758,HUD VL,53.68,3.46,2.29,47.93,EST,HUD VL,61758,1216.458
2025-01-03 11:00:00,2025-01-03 16:00:00+00:00,61758,HUD VL,53.46,3.5,2.29,47.67,EST,HUD VL,61758,1197.3364
2025-01-03 12:00:00,2025-01-03 17:00:00+00:00,61758,HUD VL,51.65,3.3,2.5,45.85,EST,HUD VL,61758,1192.5064
2025-01-03 13:00:00,2025-01-03 18:00:00+00:00,61758,HUD VL,52.89,3.63,2.62,46.64,EST,HUD VL,61758,1200.498
2025-01-03 14:00:00,2025-01-03 19:00:00+00:00,61758,HUD VL,56.0,4.13,3.11,48.76,EST,HUD VL,61758,1239.2874
2025-01-03 15:00:00,2025-01-03 20:00:00+00:00,61758,HUD VL,55.39,4.31,4.19,46.89,EST,HUD VL,61758,1287.5022
2025-01-03 16:00:00,2025-01-03 21:00:00+00:00,61758,HUD VL,66.74,4.54,-6.88,69.08,EST,HUD VL,61758,1350.8507
2025-01-03 17:00:00,2025-01-03 22:00:00+00:00,61758,HUD VL,81.51,4.92,-17.98,94.57000000000001,EST,HUD VL,61758,1401.0718
2025-01-03 18:00:00,2025-01-03 23:00:00+00:00,61758,HUD VL,76.0,4.92,-13.15,84.23,EST,HUD VL,61758,1397.6711
2025-01-03 19:00:00,2025-01-04 00:00:00+00:00,61758,HUD VL,63.74,4.38,-3.86,63.22,EST,HUD VL,61758,1376.996
2025-01-03 20:00:00,2025-01-04 01:00:00+00:00,61758,HUD VL,62.0,4.31,-2.42,60.11,EST,HUD VL,61758,1347.563
2025-01-03 21:00:00,2025-01-04 02:00:00+00:00,61758,HUD VL,58.42,3.77,0.0,54.65,EST,HUD VL,61758,1303.7874
2025-01-03 22:00:00,2025-01-04 03:00:00+00:00,61758,HUD VL,57.63,3.42,0.0,54.21,EST,HUD VL,61758,1241.1777
2025-01-03 23:00:00,2025-01-04 04:00:00+00:00,61758,HUD VL,57.82,3.27,0.0,54.55,EST,HUD VL,61758,1185.3198
2025-01-04 00:00:00,2025-01-04 05:00:00+00:00,61758,HUD VL,55.34,3.38,0.0,51.96,EST,HUD VL,61758,1140.8035
2025-01-04 01:00:00,2025-01-04 06:00:00+00:00,61758,HUD VL,52.7,3.12,0.0,49.580000000000005,EST,HUD VL,61758,1106.0965
2025-01-04 02:00:00,2025-01-04 07:00:00+00:00,61758,HUD VL,50.61,3.0,0.0,47.61,EST,HUD VL,61758,1084.7249
2025-01-04 03:00:00,2025-01-04 08:00:00+00:00,61758,HUD VL,51.67,3.15,0.0,48.52,EST,HUD VL,61758,1081.2919
2025-01-04 04:00:00,2025-01-04 09:00:00+00:00,61758,HUD VL,51.93,3.17,0.0,48.76,EST,HUD VL,61758,1086.3682
2025-01-04 05:00:00,2025-01-04 10:00:00+00:00,61758,HUD VL,53.19,3.24,-0.03,49.98,EST,HUD VL,61758,1098.4965
2025-01-04 06:00:00,2025-01-04 11:00:00+00:00,61758,HUD VL,53.14,3.32,-0.19,50.01,EST,HUD VL,61758,1135.0297
2025-01-04 07:00:00,2025-01-04 12:00:00+00:00,61758,HUD VL,57.64,3.67,0.0,53.97,EST,HUD VL,61758,1192.1711
2025-01-04 08:00:00,2025-01-04 13:00:00+00:00,61758,HUD VL,60.62,3.73,-2.07,58.96,EST,HUD VL,61758,1202.2749
2025-01-04 09:00:00,2025-01-04 14:00:00+00:00,61758,HUD VL,62.98,4.08,-3.81,62.71,EST,HUD VL,61758,1177.3678
2025-01-04 10:00:00,2025-01-04 15:00:00+00:00,61758,HUD VL,67.41,4.2,-7.88,71.08999999999999,EST,HUD VL,61758,1166.9132
2025-01-04 11:00:00,2025-01-04 16:00:00+00:00,61758,HUD VL,67.44,4.21,-7.84,71.07,EST,HUD VL,61758,1122.5814
2025-01-04 12:00:00,2025-01-04 17:00:00+00:00,61758,HUD VL,66.72,4.15,-7.31,69.88,EST,HUD VL,61758,1107.2255
2025-01-04 13:00:00,2025-01-04 18:00:00+00:00,61758,HUD VL,66.09,4.09,-6.8,68.8,EST,HUD VL,61758,1162.3795
2025-01-04 14:00:00,2025-01-04 19:00:00+00:00,61758,HUD VL,70.23,4.09,-10.88,77.02,EST,HUD VL,61758,1212.3614
2025-01-04 15:00:00,2025-01-04 20:00:00+00:00,61758,HUD VL,74.67,4.26,-15.03,85.44,EST,HUD VL,61758,1278.9512
2025-01-04 16:00:00,2025-01-04 21:00:00+00:00,61758,HUD VL,85.85,4.64,-23.18,104.38999999999999,EST,HUD VL,61758,1364.6856
2025-01-04 17:00:00,2025-01-04 22:00:00+00:00,61758,HUD VL,109.73,5.66,-36.72,140.79000000000002,EST,HUD VL,61758,1429.0978
2025-01-04 18:00:00,2025-01-04 23:00:00+00:00,61758,HUD VL,100.85,5.43,-29.22,124.63999999999999,EST,HUD VL,61758,1428.9657
2025-01-04 19:00:00,2025-01-05 00:00:00+00:00,61758,HUD VL,91.02,4.65,-28.96,115.32999999999998,EST,HUD VL,61758,1399.8444
2025-01-04 20:00:00,2025-01-05 01:00:00+00:00,61758,HUD VL,88.49,4.2,-28.96,113.25,EST,HUD VL,61758,1365.364
2025-01-04 21:00:00,2025-01-05 02:00:00+00:00,61758,HUD VL,77.92,4.14,-18.57,92.35,EST,HUD VL,61758,1320.5402
2025-01-04 22:00:00,2025-01-05 03:00:00+00:00,61758,HUD VL,73.5,4.08,-14.32,83.74000000000001,EST,HUD VL,61758,1253.8907
2025-01-04 23:00:00,2025-01-05 04:00:00+00:00,61758,HUD VL,68.44,3.96,-9.5,73.98,EST,HUD VL,61758,1190.0121
2025-01-05 00:00:00,2025-01-05 05:00:00+00:00,61758,HUD VL,79.04,5.21,-0.42,74.25000000000001,EST,HUD VL,61758,1138.3318
2025-01-05 01:00:00,2025-01-05 06:00:00+00:00,61758,HUD VL,79.25,5.24,-0.16,74.17,EST,HUD VL,61758,1100.393
2025-01-05 02:00:00,2025-01-05 07:00:00+00:00,61758,HUD VL,75.97,4.59,-3.88,75.25999999999999,EST,HUD VL,61758,1078.7439
2025-01-05 03:00:00,2025-01-05 08:00:00+00:00,61758,HUD VL,71.51,4.4,-2.37,69.48,EST,HUD VL,61758,1062.8117
2025-01-05 04:00:00,2025-01-05 09:00:00+00:00,61758,HUD VL,71.62,4.68,0.0,66.94,EST,HUD VL,61758,1060.6287
2025-01-05 05:00:00,2025-01-05 10:00:00+00:00,61758,HUD VL,71.84,4.63,0.0,67.21000000000001,EST,HUD VL,61758,1072.0683
2025-01-05 06:00:00,2025-01-05 11:00:00+00:00,61758,HUD VL,75.86,4.89,0.0,70.97,EST,HUD VL,61758,1100.6003
2025-01-05 07:00:00,2025-01-05 12:00:00+00:00,61758,HUD VL,77.28,3.9,-19.2,92.58,EST,HUD VL,61758,1145.1052
2025-01-05 08:00:00,2025-01-05 13:00:00+00:00,61758,HUD VL,80.19,4.44,-16.57,92.32,EST,HUD VL,61758,1180.2741
2025-01-05 09:00:00,2025-01-05 14:00:00+00:00,61758,HUD VL,81.54,4.99,-9.99,86.54,EST,HUD VL,61758,1184.9652
2025-01-05 10:00:00,2025-01-05 15:00:00+00:00,61758,HUD VL,85.42,5.34,-5.94,86.02,EST,HUD VL,61758,1167.3397
2025-01-05 11:00:00,2025-01-05 16:00:00+00:00,61758,HUD VL,85.22,5.18,-6.05,86.08999999999999,EST,HUD VL,61758,1174.7171
2025-01-05 12:00:00,2025-01-05 17:00:00+00:00,61758,HUD VL,83.73,4.92,-6.48,85.29,EST,HUD VL,61758,1178.216
2025-01-05 13:00:00,2025-01-05 18:00:00+00:00,61758,HUD VL,84.88,5.16,-6.03,85.75,EST,HUD VL,61758,1181.2311
2025-01-05 14:00:00,2025-01-05 19:00:00+00:00,61758,HUD VL,86.06,5.25,-6.82,87.63,EST,HUD VL,61758,1238.5105
2025-01-05 15:00:00,2025-01-05 20:00:00+00:00,61758,HUD VL,87.24,5.17,-8.15,90.22,EST,HUD VL,61758,1297.7757
2025-01-05 16:00:00,2025-01-05 21:00:00+00:00,61758,HUD VL,109.7,5.99,-18.12,121.83000000000001,EST,HUD VL,61758,1373.0891
2025-01-05 17:00:00,2025-01-05 22:00:00+00:00,61758,HUD VL,132.59,7.66,-20.0,144.93,EST,HUD VL,61758,1442.1024
2025-01-05 18:00:00,2025-01-05 23:00:00+00:00,61758,HUD VL,124.59,7.45,-16.44,133.58,EST,HUD VL,61758,1436.8719
2025-01-05 19:00:00,2025-01-06 00:00:00+00:00,61758,HUD VL,111.24,6.56,-14.76,119.44,EST,HUD VL,61758,1404.0031
2025-01-05 20:00:00,2025-01-06 01:00:00+00:00,61758,HUD VL,109.29,6.53,-9.44,112.2,EST,HUD VL,61758,1363.1078
2025-01-05 21:00:00,2025-01-06 02:00:00+00:00,61758,HUD VL,97.16,5.94,-5.06,96.28,EST,HUD VL,61758,1300.7095
2025-01-05 22:00:00,2025-01-06 03:00:00+00:00,61758,HUD VL,90.62,5.6,-1.42,86.44000000000001,EST,HUD VL,61758,1222.1082
2025-01-05 23:00:00,2025-01-06 04:00:00+00:00,61758,HUD VL,92.69,5.5,0.0,87.19,EST,HUD VL,61758,1146.1882
2025-01-06 00:00:00,2025-01-06 05:00:00+00:00,61758,HUD VL,98.5,5.92,-4.22,96.8,EST,HUD VL,61758,1097.7465
2025-01-06 01:00:00,2025-01-06 06:00:00+00:00,61758,HUD VL,96.38,5.21,-9.9,101.07000000000001,EST,HUD VL,61758,1064.5493
2025-01-06 02:00:00,2025-01-06 07:00:00+00:00,61758,HUD VL,94.68,5.02,-8.64,98.30000000000001,EST,HUD VL,61758,1045.8618
2025-01-06 03:00:00,2025-01-06 08:00:00+00:00,61758,HUD VL,95.05,5.28,-4.6,94.36999999999999,EST,HUD VL,61758,1044.8054
2025-01-06 04:00:00,2025-01-06 09:00:00+00:00,61758,HUD VL,95.13,5.79,-0.2,89.53999999999999,EST,HUD VL,61758,1061.2779
2025-01-06 05:00:00,2025-01-06 10:00:00+00:00,61758,HUD VL,108.85,4.32,-22.94,127.47,EST,HUD VL,61758,1114.6297
2025-01-06 06:00:00,2025-01-06 11:00:00+00:00,61758,HUD VL,116.02,5.25,-20.15,130.92,EST,HUD VL,61758,1200.9835
2025-01-06 07:00:00,2025-01-06 12:00:00+00:00,61758,HUD VL,144.87,5.3,-49.74,189.31,EST,HUD VL,61758,1279.7665
2025-01-06 08:00:00,2025-01-06 13:00:00+00:00,61758,HUD VL,141.59,6.6,-31.93,166.92000000000002,EST,HUD VL,61758,1307.7816
2025-01-06 09:00:00,2025-01-06 14:00:00+00:00,61758,HUD VL,138.74,5.94,-41.31,174.11,EST,HUD VL,61758,1320.0797
2025-01-06 10:00:00,2025-01-06 15:00:00+00:00,61758,HUD VL,150.58,8.03,-24.47,167.02,EST,HUD VL,61758,1345.8324
2025-01-06 11:00:00,2025-01-06 16:00:00+00:00,61758,HUD VL,133.15,7.97,-12.96,138.14000000000001,EST,HUD VL,61758,1367.4939
2025-01-06 12:00:00,2025-01-06 17:00:00+00:00,61758,HUD VL,127.22,7.0,-18.69,138.91,EST,HUD VL,61758,1372.4626
2025-01-06 13:00:00,2025-01-06 18:00:00+00:00,61758,HUD VL,125.1,5.86,-35.53,154.76999999999998,EST,HUD VL,61758,1370.5683
2025-01-06 14:00:00,2025-01-06 19:00:00+00:00,61758,HUD VL,126.82,6.01,-34.98,155.79,EST,HUD VL,61758,1362.6335
2025-01-06 15:00:00,2025-01-06 20:00:00+00:00,61758,HUD VL,134.27,5.35,-49.09,178.01000000000002,EST,HUD VL,61758,1390.7905
2025-01-06 16:00:00,2025-01-06 21:00:00+00:00,61758,HUD VL,151.47,5.61,-64.43,210.29,EST,HUD VL,61758,1441.1294
2025-01-06 17:00:00,2025-01-06 22:00:00+00:00,61758,HUD VL,176.45,6.83,-71.97,241.58999999999997,EST,HUD VL,61758,1506.5934
2025-01-06 18:00:00,2025-01-06 23:00:00+00:00,61758,HUD VL,171.09,6.17,-78.03,242.95000000000002,EST,HUD VL,61758,1504.9299
2025-01-06 19:00:00,2025-01-07 00:00:00+00:00,61758,HUD VL,160.02,5.01,-83.34,238.35000000000002,EST,HUD VL,61758,1490.5761
2025-01-06 20:00:00,2025-01-07 01:00:00+00:00,61758,HUD VL,133.41,6.1,-52.94,180.25,EST,HUD VL,61758,1468.205
2025-01-06 21:00:00,2025-01-07 02:00:00+00:00,61758,HUD VL,126.17,6.06,-45.23,165.34,EST,HUD VL,61758,1410.9929
2025-01-06 22:00:00,2025-01-07 03:00:00+00:00,61758,HUD VL,123.92,6.65,-37.14,154.41,EST,HUD VL,61758,1333.6875
2025-01-06 23:00:00,2025-01-07 04:00:00+00:00,61758,HUD VL,115.25,6.12,-29.69,138.82,EST,HUD VL,61758,1261.8146
2025-01-07 00:00:00,2025-01-07 05:00:00+00:00,61758,HUD VL,120.64,5.15,-44.89,160.38,EST,HUD VL,61758,1213.0411
2025-01-07 01:00:00,2025-01-07 06:00:00+00:00,61758,HUD VL,108.81,4.93,-33.5,137.38,EST,HUD VL,61758,1190.2166
2025-01-07 02:00:00,2025-01-07 07:00:00+00:00,61758,HUD VL,114.45,4.63,-39.57,149.39000000000001,EST,HUD VL,61758,1170.8554
2025-01-07 03:00:00,2025-01-07 08:00:00+00:00,61758,HUD VL,112.98,4.64,-38.02,146.36,EST,HUD VL,61758,1167.0239
2025-01-07 04:00:00,2025-01-07 09:00:00+00:00,61758,HUD VL,117.25,4.5,-42.43,155.18,EST,HUD VL,61758,1175.2152
2025-01-07 05:00:00,2025-01-07 10:00:00+00:00,61758,HUD VL,125.24,3.72,-57.33,178.85,EST,HUD VL,61758,1223.9312
2025-01-07 06:00:00,2025-01-07 11:00:00+00:00,61758,HUD VL,145.91,4.13,-72.89,214.67000000000002,EST,HUD VL,61758,1314.95
2025-01-07 07:00:00,2025-01-07 12:00:00+00:00,61758,HUD VL,168.17,3.13,-114.5,279.53999999999996,EST,HUD VL,61758,1376.4734
2025-01-07 08:00:00,2025-01-07 13:00:00+00:00,61758,HUD VL,151.35,3.2,-96.64,244.79000000000002,EST,HUD VL,61758,1363.0178
2025-01-07 09:00:00,2025-01-07 14:00:00+00:00,61758,HUD VL,145.01,2.99,-96.69,238.70999999999998,EST,HUD VL,61758,1293.7701
2025-01-07 10:00:00,2025-01-07 15:00:00+00:00,61758,HUD VL,143.73,3.73,-80.9,220.9,EST,HUD VL,61758,1210.3347
2025-01-07 11:00:00,2025-01-07 16:00:00+00:00,61758,HUD VL,141.61,3.24,-86.14,224.51,EST,HUD VL,61758,1143.5277
2025-01-07 12:00:00,2025-01-07 17:00:00+00:00,61758,HUD VL,137.78,2.97,-87.67,222.48000000000002,EST,HUD VL,61758,1128.4973
2025-01-07 13:00:00,2025-01-07 18:00:00+00:00,61758,HUD VL,136.75,2.91,-86.9,220.74,EST,HUD VL,61758,1136.7336
2025-01-07 14:00:00,2025-01-07 19:00:00+00:00,61758,HUD VL,137.73,3.05,-86.31,220.98999999999998,EST,HUD VL,61758,1203.9812
2025-01-07 15:00:00,2025-01-07 20:00:00+00:00,61758,HUD VL,148.22,2.87,-99.0,244.35,EST,HUD VL,61758,1324.6781
2025-01-07 16:00:00,2025-01-07 21:00:00+00:00,61758,HUD VL,172.36,4.13,-106.64,274.87,EST,HUD VL,61758,1441.1611
2025-01-07 17:00:00,2025-01-07 22:00:00+00:00,61758,HUD VL,216.61,5.76,-129.68,340.53000000000003,EST,HUD VL,61758,1541.7031
2025-01-07 18:00:00,2025-01-07 23:00:00+00:00,61758,HUD VL,202.89,5.63,-116.83,314.09,EST,HUD VL,61758,1540.3429
2025-01-07 19:00:00,2025-01-08 00:00:00+00:00,61758,HUD VL,186.72,4.81,-113.2,295.11,EST,HUD VL,61758,1513.667
2025-01-07 20:00:00,2025-01-08 01:00:00+00:00,61758,HUD VL,158.81,5.86,-82.35,235.29999999999998,EST,HUD VL,61758,1482.6313
2025-01-07 21:00:00,2025-01-08 02:00:00+00:00,61758,HUD VL,152.89,5.57,-76.79,224.11,EST,HUD VL,61758,1416.9896
2025-01-07 22:00:00,2025-01-08 03:00:00+00:00,61758,HUD VL,141.06,5.57,-65.02,200.51,EST,HUD VL,61758,1332.8276
2025-01-07 23:00:00,2025-01-08 04:00:00+00:00,61758,HUD VL,138.84,5.44,-62.75,196.15,EST,HUD VL,61758,1251.6882
2025-01-08 00:00:00,2025-01-08 05:00:00+00:00,61758,HUD VL,136.47,6.34,-56.43,186.56,EST,HUD VL,61758,1203.2031
2025-01-08 01:00:00,2025-01-08 06:00:00+00:00,61758,HUD VL,131.74,6.03,-53.93,179.64000000000001,EST,HUD VL,61758,1176.034
2025-01-08 02:00:00,2025-01-08 07:00:00+00:00,61758,HUD VL,124.96,5.8,-48.4,167.56,EST,HUD VL,61758,1165.8137
2025-01-08 03:00:00,2025-01-08 08:00:00+00:00,61758,HUD VL,124.52,5.71,-48.27,167.08,EST,HUD VL,61758,1166.9925
2025-01-08 04:00:00,2025-01-08 09:00:00+00:00,61758,HUD VL,134.01,5.8,-57.45,185.65999999999997,EST,HUD VL,61758,1181.5304
2025-01-08 05:00:00,2025-01-08 10:00:00+00:00,61758,HUD VL,141.1,6.4,-61.07,195.76999999999998,EST,HUD VL,61758,1230.3826
2025-01-08 06:00:00,2025-01-08 11:00:00+00:00,61758,HUD VL,158.54,6.26,-77.72,230.0,EST,HUD VL,61758,1308.5818
2025-01-08 07:00:00,2025-01-08 12:00:00+00:00,61758,HUD VL,185.75,6.33,-105.79,285.21,EST,HUD VL,61758,1362.6699
2025-01-08 08:00:00,2025-01-08 13:00:00+00:00,61758,HUD VL,159.89,6.56,-78.77,232.09999999999997,EST,HUD VL,61758,1337.5389
2025-01-08 09:00:00,2025-01-08 14:00:00+00:00,61758,HUD VL,153.71,6.61,-72.86,219.95999999999998,EST,HUD VL,61758,1249.3307
2025-01-08 10:00:00,2025-01-08 15:00:00+00:00,61758,HUD VL,147.02,6.78,-65.71,205.95,EST,HUD VL,61758,1171.3043
2025-01-08 11:00:00,2025-01-08 16:00:00+00:00,61758,HUD VL,144.53,6.48,-65.17,203.22000000000003,EST,HUD VL,61758,1123.515
2025-01-08 12:00:00,2025-01-08 17:00:00+00:00,61758,HUD VL,140.77,6.15,-63.86,198.48000000000002,EST,HUD VL,61758,1084.3584
2025-01-08 13:00:00,2025-01-08 18:00:00+00:00,61758,HUD VL,140.76,6.07,-64.08,198.76999999999998,EST,HUD VL,61758,1119.568
2025-01-08 14:00:00,2025-01-08 19:00:00+00:00,61758,HUD VL,141.85,6.47,-62.66,198.04,EST,HUD VL,61758,1196.894
2025-01-08 15:00:00,2025-01-08 20:00:00+00:00,61758,HUD VL,155.0,6.22,-76.42,225.2,EST,HUD VL,61758,1329.1819
2025-01-08 16:00:00,2025-01-08 21:00:00+00:00,61758,HUD VL,167.49,7.1,-85.67,246.06,EST,HUD VL,61758,1451.7218
2025-01-08 17:00:00,2025-01-08 22:00:00+00:00,61758,HUD VL,194.69,8.49,-99.6,285.79999999999995,EST,HUD VL,61758,1551.4572
2025-01-08 18:00:00,2025-01-08 23:00:00+00:00,61758,HUD VL,184.55,7.99,-94.17,270.73,EST,HUD VL,61758,1557.4031
2025-01-08 19:00:00,2025-01-09 00:00:00+00:00,61758,HUD VL,171.49,7.06,-90.1,254.53,EST,HUD VL,61758,1539.8774
2025-01-08 20:00:00,2025-01-09 01:00:00+00:00,61758,HUD VL,164.35,6.97,-83.21,240.58999999999997,EST,HUD VL,61758,1512.7839
2025-01-08 21:00:00,2025-01-09 02:00:00+00:00,61758,HUD VL,156.65,6.43,-78.79,229.01,EST,HUD VL,61758,1452.1311
2025-01-08 22:00:00,2025-01-09 03:00:00+00:00,61758,HUD VL,151.52,6.68,-70.59,215.43,EST,HUD VL,61758,1365.0683
2025-01-08 23:00:00,2025-01-09 04:00:00+00:00,61758,HUD VL,142.61,6.61,-61.76,197.76,EST,HUD VL,61758,1285.8039
2025-01-09 00:00:00,2025-01-09 05:00:00+00:00,61758,HUD VL,143.4,5.94,-66.82,204.28,EST,HUD VL,61758,1238.6834
2025-01-09 01:00:00,2025-01-09 06:00:00+00:00,61758,HUD VL,136.67,5.3,-65.18,196.54999999999998,EST,HUD VL,61758,1214.2146
2025-01-09 02:00:00,2025-01-09 07:00:00+00:00,61758,HUD VL,129.9,4.52,-68.17,193.55,EST,HUD VL,61758,1199.4195
2025-01-09 03:00:00,2025-01-09 08:00:00+00:00,61758,HUD VL,125.0,4.5,-62.89,183.39,EST,HUD VL,61758,1193.5985
2025-01-09 04:00:00,2025-01-09 09:00:00+00:00,61758,HUD VL,133.03,4.89,-65.55,193.69,EST,HUD VL,61758,1205.5712
2025-01-09 05:00:00,2025-01-09 10:00:00+00:00,61758,HUD VL,142.75,5.81,-66.14,203.07999999999998,EST,HUD VL,61758,1249.0912
2025-01-09 06:00:00,2025-01-09 11:00:00+00:00,61758,HUD VL,160.71,6.04,-83.58,238.25,EST,HUD VL,61758,1337.631
2025-01-09 07:00:00,2025-01-09 12:00:00+00:00,61758,HUD VL,195.26,6.39,-117.84,306.71000000000004,EST,HUD VL,61758,1395.6015
2025-01-09 08:00:00,2025-01-09 13:00:00+00:00,61758,HUD VL,163.81,6.61,-86.18,243.38,EST,HUD VL,61758,1358.3141
2025-01-09 09:00:00,2025-01-09 14:00:00+00:00,61758,HUD VL,155.48,6.46,-78.07,227.08999999999997,EST,HUD VL,61758,1256.6375
2025-01-09 10:00:00,2025-01-09 15:00:00+00:00,61758,HUD VL,144.79,6.55,-67.0,205.23999999999998,EST,HUD VL,61758,1209.3021
2025-01-09 11:00:00,2025-01-09 16:00:00+00:00,61758,HUD VL,134.57,6.33,-57.14,185.38,EST,HUD VL,61758,1128.7817
2025-01-09 12:00:00,2025-01-09 17:00:00+00:00,61758,HUD VL,131.68,6.33,-54.26,179.61,EST,HUD VL,61758,1077.0514
2025-01-09 13:00:00,2025-01-09 18:00:00+00:00,61758,HUD VL,129.3,6.31,-52.04,175.03,EST,HUD VL,61758,1081.5629
2025-01-09 14:00:00,2025-01-09 19:00:00+00:00,61758,HUD VL,130.5,6.1,-53.52,177.92000000000002,EST,HUD VL,61758,1143.5715
2025-01-09 15:00:00,2025-01-09 20:00:00+00:00,61758,HUD VL,140.72,6.33,-63.22,197.60999999999999,EST,HUD VL,61758,1289.8718
2025-01-09 16:00:00,2025-01-09 21:00:00+00:00,61758,HUD VL,163.1,6.62,-85.32,241.79999999999998,EST,HUD VL,61758,1419.6609
2025-01-09 17:00:00,2025-01-09 22:00:00+00:00,61758,HUD VL,207.77,9.3,-101.65,300.12,EST,HUD VL,61758,1510.6875
2025-01-09 18:00:00,2025-01-09 23:00:00+00:00,61758,HUD VL,178.1,9.38,-71.02,239.74,EST,HUD VL,61758,1515.3593
2025-01-09 19:00:00,2025-01-10 00:00:00+00:00,61758,HUD VL,161.08,7.13,-79.73,233.68,EST,HUD VL,61758,1493.2446
2025-01-09 20:00:00,2025-01-10 01:00:00+00:00,61758,HUD VL,149.4,7.0,-68.8,211.2,EST,HUD VL,61758,1450.4672
2025-01-09 21:00:00,2025-01-10 02:00:00+00:00,61758,HUD VL,146.07,6.47,-68.5,208.1,EST,HUD VL,61758,1394.3829
2025-01-09 22:00:00,2025-01-10 03:00:00+00:00,61758,HUD VL,139.9,6.39,-62.48,195.99,EST,HUD VL,61758,1315.6267
2025-01-09 23:00:00,2025-01-10 04:00:00+00:00,61758,HUD VL,139.36,6.17,-62.24,195.43000000000004,EST,HUD VL,61758,1237.1332
2025-01-10 00:00:00,2025-01-10 05:00:00+00:00,61758,HUD VL,117.48,5.12,-45.92,158.28,EST,HUD VL,61758,1184.0089
2025-01-10 01:00:00,2025-01-10 06:00:00+00:00,61758,HUD VL,110.95,5.04,-39.53,145.44,EST,HUD VL,61758,1150.6227
2025-01-10 02:00:00,2025-01-10 07:00:00+00:00,61758,HUD VL,103.26,5.12,-31.7,129.84,EST,HUD VL,61758,1128.2781
2025-01-10 03:00:00,2025-01-10 08:00:00+00:00,61758,HUD VL,100.74,5.18,-28.27,123.83,EST,HUD VL,61758,1122.7676
2025-01-10 04:00:00,2025-01-10 09:00:00+00:00,61758,HUD VL,104.14,5.72,-24.19,122.61,EST,HUD VL,61758,1133.3685
2025-01-10 05:00:00,2025-01-10 10:00:00+00:00,61758,HUD VL,110.24,5.93,-27.29,131.6,EST,HUD VL,61758,1188.5931
2025-01-10 06:00:00,2025-01-10 11:00:00+00:00,61758,HUD VL,136.82,6.86,-45.29,175.24999999999997,EST,HUD VL,61758,1283.1975
2025-01-10 07:00:00,2025-01-10 12:00:00+00:00,61758,HUD VL,155.9,7.81,-62.24,210.33,EST,HUD VL,61758,1344.2389
2025-01-10 08:00:00,2025-01-10 13:00:00+00:00,61758,HUD VL,133.6,8.24,-38.63,163.99,EST,HUD VL,61758,1291.534
2025-01-10 09:00:00,2025-01-10 14:00:00+00:00,61758,HUD VL,118.81,7.89,-25.1,136.02,EST,HUD VL,61758,1155.0485
2025-01-10 10:00:00,2025-01-10 15:00:00+00:00,61758,HUD VL,101.07,7.54,-6.8,100.32999999999998,EST,HUD VL,61758,1033.6825
2025-01-10 11:00:00,2025-01-10 16:00:00+00:00,61758,HUD VL,92.26,7.0,-2.82,88.08,EST,HUD VL,61758,971.3974
2025-01-10 12:00:00,2025-01-10 17:00:00+00:00,61758,HUD VL,89.44,7.0,0.0,82.44,EST,HUD VL,61758,971.8984
2025-01-10 13:00:00,2025-01-10 18:00:00+00:00,61758,HUD VL,90.09,7.14,0.0,82.95,EST,HUD VL,61758,1013.2577
2025-01-10 14:00:00,2025-01-10 19:00:00+00:00,61758,HUD VL,90.99,7.28,0.0,83.71,EST,HUD VL,61758,1061.9157
2025-01-10 15:00:00,2025-01-10 20:00:00+00:00,61758,HUD VL,101.35,8.1,-3.23,96.48,EST,HUD VL,61758,1196.4129
2025-01-10 16:00:00,2025-01-10 21:00:00+00:00,61758,HUD VL,117.28,8.52,-17.15,125.91,EST,HUD VL,61758,1316.1742
2025-01-10 17:00:00,2025-01-10 22:00:00+00:00,61758,HUD VL,150.98,10.93,-25.05,165.1,EST,HUD VL,61758,1393.3462
2025-01-10 18:00:00,2025-01-10 23:00:00+00:00,61758,HUD VL,139.65,9.1,-32.74,163.29000000000002,EST,HUD VL,61758,1388.5553
2025-01-10 19:00:00,2025-01-11 00:00:00+00:00,61758,HUD VL,117.13,8.93,-11.12,119.32,EST,HUD VL,61758,1361.4536
2025-01-10 20:00:00,2025-01-11 01:00:00+00:00,61758,HUD VL,114.02,8.42,-14.06,119.66,EST,HUD VL,61758,1333.3028
2025-01-10 21:00:00,2025-01-11 02:00:00+00:00,61758,HUD VL,103.51,7.49,-9.84,105.86000000000001,EST,HUD VL,61758,1283.0777
2025-01-10 22:00:00,2025-01-11 03:00:00+00:00,61758,HUD VL,101.92,6.77,-11.51,106.66000000000001,EST,HUD VL,61758,1216.1662
2025-01-10 23:00:00,2025-01-11 04:00:00+00:00,61758,HUD VL,101.46,6.22,-13.3,108.53999999999999,EST,HUD VL,61758,1152.2928
2025-01-11 00:00:00,2025-01-11 05:00:00+00:00,61758,HUD VL,87.66,5.89,0.0,81.77,EST,HUD VL,61758,1109.4982
2025-01-11 01:00:00,2025-01-11 06:00:00+00:00,61758,HUD VL,83.0,5.43,0.0,77.57,EST,HUD VL,61758,1075.379
2025-01-11 02:00:00,2025-01-11 07:00:00+00:00,61758,HUD VL,75.79,4.62,0.0,71.17,EST,HUD VL,61758,1056.489
2025-01-11 03:00:00,2025-01-11 08:00:00+00:00,61758,HUD VL,72.78,4.5,0.0,68.28,EST,HUD VL,61758,1045.0504
2025-01-11 04:00:00,2025-01-11 09:00:00+00:00,61758,HUD VL,74.18,4.66,0.0,69.52000000000001,EST,HUD VL,61758,1051.7667
2025-01-11 05:00:00,2025-01-11 10:00:00+00:00,61758,HUD VL,75.61,4.75,0.0,70.86,EST,HUD VL,61758,1074.9598
2025-01-11 06:00:00,2025-01-11 11:00:00+00:00,61758,HUD VL,73.96,4.71,0.0,69.25,EST,HUD VL,61758,1076.7135
2025-01-11 07:00:00,2025-01-11 12:00:00+00:00,61758,HUD VL,81.8,5.3,-2.9,79.4,EST,HUD VL,61758,1174.0357
2025-01-11 08:00:00,2025-01-11 13:00:00+00:00,61758,HUD VL,94.91,6.03,-8.45,97.33,EST,HUD VL,61758,1222.8611
2025-01-11 09:00:00,2025-01-11 14:00:00+00:00,61758,HUD VL,97.42,6.62,-9.02,99.82,EST,HUD VL,61758,1254.2998
2025-01-11 10:00:00,2025-01-11 15:00:00+00:00,61758,HUD VL,85.38,6.03,0.0,79.35,EST,HUD VL,61758,1267.2074
2025-01-11 11:00:00,2025-01-11 16:00:00+00:00,61758,HUD VL,90.46,6.0,0.0,84.46,EST,HUD VL,61758,1238.5759
2025-01-11 12:00:00,2025-01-11 17:00:00+00:00,61758,HUD VL,80.95,5.44,0.0,75.51,EST,HUD VL,61758,1183.0984
2025-01-11 13:00:00,2025-01-11 18:00:00+00:00,61758,HUD VL,77.45,5.41,0.0,72.04,EST,HUD VL,61758,1183.5797
2025-01-11 14:00:00,2025-01-11 19:00:00+00:00,61758,HUD VL,71.11,4.96,0.0,66.15,EST,HUD VL,61758,1214.294
2025-01-11 15:00:00,2025-01-11 20:00:00+00:00,61758,HUD VL,83.07,5.65,0.0,77.41999999999999,EST,HUD VL,61758,1242.5365
2025-01-11 16:00:00,2025-01-11 21:00:00+00:00,61758,HUD VL,88.47,6.78,0.0,81.69,EST,HUD VL,61758,1316.0922
2025-01-11 17:00:00,2025-01-11 22:00:00+00:00,61758,HUD VL,104.01,7.64,-11.53,107.9,EST,HUD VL,61758,1394.0937
2025-01-11 18:00:00,2025-01-11 23:00:00+00:00,61758,HUD VL,92.73,7.05,-3.66,89.34,EST,HUD VL,61758,1397.2451
2025-01-11 19:00:00,2025-01-12 00:00:00+00:00,61758,HUD VL,80.03,6.2,-0.05,73.88,EST,HUD VL,61758,1374.9164
2025-01-11 20:00:00,2025-01-12 01:00:00+00:00,61758,HUD VL,75.53,5.78,-0.03,69.78,EST,HUD VL,61758,1348.5335
2025-01-11 21:00:00,2025-01-12 02:00:00+00:00,61758,HUD VL,71.09,5.08,0.0,66.01,EST,HUD VL,61758,1303.0114
2025-01-11 22:00:00,2025-01-12 03:00:00+00:00,61758,HUD VL,70.28,4.48,0.0,65.8,EST,HUD VL,61758,1243.3896
2025-01-11 23:00:00,2025-01-12 04:00:00+00:00,61758,HUD VL,70.01,4.27,0.0,65.74000000000001,EST,HUD VL,61758,1182.7292
2025-01-12 00:00:00,2025-01-12 05:00:00+00:00,61758,HUD VL,70.49,4.55,0.0,65.94,EST,HUD VL,61758,1137.9322
2025-01-12 01:00:00,2025-01-12 06:00:00+00:00,61758,HUD VL,70.08,4.27,0.0,65.81,EST,HUD VL,61758,1094.5669
2025-01-12 02:00:00,2025-01-12 07:00:00+00:00,61758,HUD VL,68.98,3.72,0.0,65.26,EST,HUD VL,61758,1070.7044
2025-01-12 03:00:00,2025-01-12 08:00:00+00:00,61758,HUD VL,68.38,3.38,0.0,65.0,EST,HUD VL,61758,1054.8967
2025-01-12 04:00:00,2025-01-12 09:00:00+00:00,61758,HUD VL,68.45,3.44,0.0,65.01,EST,HUD VL,61758,1052.7646
2025-01-12 05:00:00,2025-01-12 10:00:00+00:00,61758,HUD VL,69.39,3.93,0.0,65.46,EST,HUD VL,61758,1070.1024
2025-01-12 06:00:00,2025-01-12 11:00:00+00:00,61758,HUD VL,69.19,3.79,0.0,65.39999999999999,EST,HUD VL,61758,1111.1428
2025-01-12 07:00:00,2025-01-12 12:00:00+00:00,61758,HUD VL,68.77,3.77,0.0,65.0,EST,HUD VL,61758,1159.2462
2025-01-12 08:00:00,2025-01-12 13:00:00+00:00,61758,HUD VL,68.97,3.9,0.0,65.07,EST,HUD VL,61758,1157.6538
2025-01-12 09:00:00,2025-01-12 14:00:00+00:00,61758,HUD VL,66.6,3.41,0.0,63.19,EST,HUD VL,61758,1088.1345
2025-01-12 10:00:00,2025-01-12 15:00:00+00:00,61758,HUD VL,66.27,3.27,0.0,62.99999999999999,EST,HUD VL,61758,983.4674
2025-01-12 11:00:00,2025-01-12 16:00:00+00:00,61758,HUD VL,64.64,2.84,0.0,61.8,EST,HUD VL,61758,917.0721
2025-01-12 12:00:00,2025-01-12 17:00:00+00:00,61758,HUD VL,66.1,2.91,0.0,63.19,EST,HUD VL,61758,947.0904
2025-01-12 13:00:00,2025-01-12 18:00:00+00:00,61758,HUD VL,65.94,2.9,0.0,63.04,EST,HUD VL,61758,1003.18
2025-01-12 14:00:00,2025-01-12 19:00:00+00:00,61758,HUD VL,67.44,3.09,0.0,64.35,EST,HUD VL,61758,1126.3191
2025-01-12 15:00:00,2025-01-12 20:00:00+00:00,61758,HUD VL,68.91,3.71,0.0,65.2,EST,HUD VL,61758,1194.8205
2025-01-12 16:00:00,2025-01-12 21:00:00+00:00,61758,HUD VL,73.41,4.93,0.0,68.47999999999999,EST,HUD VL,61758,1282.4286
2025-01-12 17:00:00,2025-01-12 22:00:00+00:00,61758,HUD VL,87.98,6.29,0.0,81.69,EST,HUD VL,61758,1360.6587
2025-01-12 18:00:00,2025-01-12 23:00:00+00:00,61758,HUD VL,79.53,5.41,0.0,74.12,EST,HUD VL,61758,1355.9157
2025-01-12 19:00:00,2025-01-13 00:00:00+00:00,61758,HUD VL,73.4,5.12,0.0,68.28,EST,HUD VL,61758,1330.5381
2025-01-12 20:00:00,2025-01-13 01:00:00+00:00,61758,HUD VL,71.02,5.08,0.0,65.94,EST,HUD VL,61758,1295.8535
2025-01-12 21:00:00,2025-01-13 02:00:00+00:00,61758,HUD VL,69.78,4.38,0.0,65.4,EST,HUD VL,61758,1242.5081
2025-01-12 22:00:00,2025-01-13 03:00:00+00:00,61758,HUD VL,69.04,3.97,0.0,65.07000000000001,EST,HUD VL,61758,1166.3363
2025-01-12 23:00:00,2025-01-13 04:00:00+00:00,61758,HUD VL,69.04,3.91,0.0,65.13000000000001,EST,HUD VL,61758,1099.1511
2025-01-13 00:00:00,2025-01-13 05:00:00+00:00,61758,HUD VL,69.45,4.06,0.0,65.39,EST,HUD VL,61758,1051.2819
2025-01-13 01:00:00,2025-01-13 06:00:00+00:00,61758,HUD VL,69.18,3.85,0.0,65.33000000000001,EST,HUD VL,61758,1021.4913
2025-01-13 02:00:00,2025-01-13 07:00:00+00:00,61758,HUD VL,69.26,3.8,0.0,65.46000000000001,EST,HUD VL,61758,1015.5933
2025-01-13 03:00:00,2025-01-13 08:00:00+00:00,61758,HUD VL,68.92,3.65,0.0,65.27,EST,HUD VL,61758,1002.4392
2025-01-13 04:00:00,2025-01-13 09:00:00+00:00,61758,HUD VL,69.6,4.0,0.0,65.6,EST,HUD VL,61758,1032.6501
2025-01-13 05:00:00,2025-01-13 10:00:00+00:00,61758,HUD VL,70.83,4.63,0.0,66.2,EST,HUD VL,61758,1112.498
2025-01-13 06:00:00,2025-01-13 11:00:00+00:00,61758,HUD VL,79.9,5.37,0.0,74.53,EST,HUD VL,61758,1197.1559
2025-01-13 07:00:00,2025-01-13 12:00:00+00:00,61758,HUD VL,109.92,7.98,-0.91,102.85,EST,HUD VL,61758,1279.5931
2025-01-13 08:00:00,2025-01-13 13:00:00+00:00,61758,HUD VL,100.91,7.48,0.0,93.42999999999999,EST,HUD VL,61758,1297.1212
2025-01-13 09:00:00,2025-01-13 14:00:00+00:00,61758,HUD VL,77.48,5.67,0.0,71.81,EST,HUD VL,61758,1280.2206
2025-01-13 10:00:00,2025-01-13 15:00:00+00:00,61758,HUD VL,72.15,5.09,0.0,67.06,EST,HUD VL,61758,1256.7786
2025-01-13 11:00:00,2025-01-13 16:00:00+00:00,61758,HUD VL,69.97,4.51,0.0,65.46,EST,HUD VL,61758,1239.9322
2025-01-13 12:00:00,2025-01-13 17:00:00+00:00,61758,HUD VL,69.78,4.38,0.0,65.4,EST,HUD VL,61758,1267.4361
2025-01-13 13:00:00,2025-01-13 18:00:00+00:00,61758,HUD VL,69.51,4.24,0.0,65.27000000000001,EST,HUD VL,61758,1225.3486
2025-01-13 14:00:00,2025-01-13 19:00:00+00:00,61758,HUD VL,69.78,4.44,0.0,65.34,EST,HUD VL,61758,1204.0771
2025-01-13 15:00:00,2025-01-13 20:00:00+00:00,61758,HUD VL,70.86,5.07,0.0,65.78999999999999,EST,HUD VL,61758,1215.814
2025-01-13 16:00:00,2025-01-13 21:00:00+00:00,61758,HUD VL,78.84,6.31,0.0,72.53,EST,HUD VL,61758,1304.3338
2025-01-13 17:00:00,2025-01-13 22:00:00+00:00,61758,HUD VL,92.48,7.2,-3.51,88.79,EST,HUD VL,61758,1408.4443
2025-01-13 18:00:00,2025-01-13 23:00:00+00:00,61758,HUD VL,91.95,6.92,-4.55,89.58,EST,HUD VL,61758,1407.4684
2025-01-13 19:00:00,2025-01-14 00:00:00+00:00,61758,HUD VL,74.64,5.78,-1.61,70.47,EST,HUD VL,61758,1384.4463
2025-01-13 20:00:00,2025-01-14 01:00:00+00:00,61758,HUD VL,72.33,5.38,-0.48,67.43,EST,HUD VL,61758,1352.8529
2025-01-13 21:00:00,2025-01-14 02:00:00+00:00,61758,HUD VL,69.61,4.68,0.0,64.93,EST,HUD VL,61758,1297.3707
2025-01-13 22:00:00,2025-01-14 03:00:00+00:00,61758,HUD VL,70.33,4.6,0.0,65.73,EST,HUD VL,61758,1213.8679
2025-01-13 23:00:00,2025-01-14 04:00:00+00:00,61758,HUD VL,69.45,4.12,0.0,65.33,EST,HUD VL,61758,1146.4543
2025-01-14 00:00:00,2025-01-14 05:00:00+00:00,61758,HUD VL,68.92,4.2,0.0,64.72,EST,HUD VL,61758,1091.9707
2025-01-14 01:00:00,2025-01-14 06:00:00+00:00,61758,HUD VL,67.18,4.04,0.0,63.14000000000001,EST,HUD VL,61758,1065.2292
2025-01-14 02:00:00,2025-01-14 07:00:00+00:00,61758,HUD VL,69.73,4.13,0.0,65.60000000000001,EST,HUD VL,61758,1051.6395
2025-01-14 03:00:00,2025-01-14 08:00:00+00:00,61758,HUD VL,69.73,4.13,0.0,65.60000000000001,EST,HUD VL,61758,1048.6428
2025-01-14 04:00:00,2025-01-14 09:00:00+00:00,61758,HUD VL,69.73,4.07,0.0,65.66,EST,HUD VL,61758,1065.7108
2025-01-14 05:00:00,2025-01-14 10:00:00+00:00,61758,HUD VL,66.81,4.31,0.0,62.5,EST,HUD VL,61758,1121.0674
2025-01-14 06:00:00,2025-01-14 11:00:00+00:00,61758,HUD VL,91.14,5.31,-15.88,101.71,EST,HUD VL,61758,1219.8757
2025-01-14 07:00:00,2025-01-14 12:00:00+00:00,61758,HUD VL,111.33,6.58,-22.48,127.23,EST,HUD VL,61758,1287.4414
2025-01-14 08:00:00,2025-01-14 13:00:00+00:00,61758,HUD VL,102.69,6.92,-13.42,109.19,EST,HUD VL,61758,1258.435
2025-01-14 09:00:00,2025-01-14 14:00:00+00:00,61758,HUD VL,86.76,6.72,0.0,80.04,EST,HUD VL,61758,1134.4963
2025-01-14 10:00:00,2025-01-14 15:00:00+00:00,61758,HUD VL,90.58,7.07,-1.32,84.82999999999998,EST,HUD VL,61758,1124.3161
2025-01-14 11:00:00,2025-01-14 16:00:00+00:00,61758,HUD VL,83.63,6.38,-2.16,79.41,EST,HUD VL,61758,1055.9537
2025-01-14 12:00:00,2025-01-14 17:00:00+00:00,61758,HUD VL,83.49,6.6,-0.11,77.0,EST,HUD VL,61758,1066.45
2025-01-14 13:00:00,2025-01-14 18:00:00+00:00,61758,HUD VL,84.84,6.64,0.0,78.2,EST,HUD VL,61758,1079.9032
2025-01-14 14:00:00,2025-01-14 19:00:00+00:00,61758,HUD VL,90.14,7.06,-0.97,84.05,EST,HUD VL,61758,1168.5939
2025-01-14 15:00:00,2025-01-14 20:00:00+00:00,61758,HUD VL,97.56,7.44,-6.46,96.58,EST,HUD VL,61758,1257.1153
2025-01-14 16:00:00,2025-01-14 21:00:00+00:00,61758,HUD VL,122.74,7.66,-32.71,147.79,EST,HUD VL,61758,1384.6396
2025-01-14 17:00:00,2025-01-14 22:00:00+00:00,61758,HUD VL,163.51,11.36,-30.07,182.21999999999997,EST,HUD VL,61758,1481.2593
2025-01-14 18:00:00,2025-01-14 23:00:00+00:00,61758,HUD VL,139.12,8.5,-42.09,172.71,EST,HUD VL,61758,1483.8593
2025-01-14 19:00:00,2025-01-15 00:00:00+00:00,61758,HUD VL,126.63,8.13,-32.95,151.45,EST,HUD VL,61758,1466.278
2025-01-14 20:00:00,2025-01-15 01:00:00+00:00,61758,HUD VL,119.71,8.16,-25.74,137.29,EST,HUD VL,61758,1434.9849
2025-01-14 21:00:00,2025-01-15 02:00:00+00:00,61758,HUD VL,103.35,7.24,-13.92,110.03,EST,HUD VL,61758,1377.1541
2025-01-14 22:00:00,2025-01-15 03:00:00+00:00,61758,HUD VL,99.97,6.88,-11.14,104.23,EST,HUD VL,61758,1298.9784
2025-01-14 23:00:00,2025-01-15 04:00:00+00:00,61758,HUD VL,99.52,6.47,-11.2,104.25,EST,HUD VL,61758,1223.0389
2025-01-15 00:00:00,2025-01-15 05:00:00+00:00,61758,HUD VL,92.53,6.32,-5.29,91.50000000000001,EST,HUD VL,61758,1180.2891
2025-01-15 01:00:00,2025-01-15 06:00:00+00:00,61758,HUD VL,88.83,5.84,-8.12,91.11,EST,HUD VL,61758,1153.3293
2025-01-15 02:00:00,2025-01-15 07:00:00+00:00,61758,HUD VL,86.8,5.77,-6.17,87.2,EST,HUD VL,61758,1137.9285
2025-01-15 03:00:00,2025-01-15 08:00:00+00:00,61758,HUD VL,84.81,5.84,-4.1,83.07,EST,HUD VL,61758,1137.6162
2025-01-15 04:00:00,2025-01-15 09:00:00+00:00,61758,HUD VL,86.9,6.29,0.0,80.61,EST,HUD VL,61758,1150.6149
2025-01-15 05:00:00,2025-01-15 10:00:00+00:00,61758,HUD VL,96.25,6.58,-7.47,97.14,EST,HUD VL,61758,1202.3572
2025-01-15 06:00:00,2025-01-15 11:00:00+00:00,61758,HUD VL,115.0,7.05,-22.04,129.99,EST,HUD VL,61758,1306.3502
2025-01-15 07:00:00,2025-01-15 12:00:00+00:00,61758,HUD VL,145.58,8.82,-32.97,169.73000000000002,EST,HUD VL,61758,1364.5571
2025-01-15 08:00:00,2025-01-15 13:00:00+00:00,61758,HUD VL,123.34,9.85,-4.13,117.62,EST,HUD VL,61758,1312.4767
2025-01-15 09:00:00,2025-01-15 14:00:00+00:00,61758,HUD VL,100.6,7.45,-7.41,100.55999999999999,EST,HUD VL,61758,1193.1706
2025-01-15 10:00:00,2025-01-15 15:00:00+00:00,61758,HUD VL,102.73,7.63,-9.37,104.47000000000001,EST,HUD VL,61758,1137.8315
2025-01-15 11:00:00,2025-01-15 16:00:00+00:00,61758,HUD VL,100.88,7.48,-7.41,100.80999999999999,EST,HUD VL,61758,1141.1535
2025-01-15 12:00:00,2025-01-15 17:00:00+00:00,61758,HUD VL,98.53,7.45,-5.44,96.52,EST,HUD VL,61758,1179.985
2025-01-15 13:00:00,2025-01-15 18:00:00+00:00,61758,HUD VL,98.25,7.3,-6.11,97.06,EST,HUD VL,61758,1212.8598
2025-01-15 14:00:00,2025-01-15 19:00:00+00:00,61758,HUD VL,100.94,7.42,-8.14,101.66,EST,HUD VL,61758,1248.497
2025-01-15 15:00:00,2025-01-15 20:00:00+00:00,61758,HUD VL,110.81,7.62,-16.64,119.83,EST,HUD VL,61758,1328.8058
2025-01-15 16:00:00,2025-01-15 21:00:00+00:00,61758,HUD VL,123.18,7.96,-27.73,142.95000000000002,EST,HUD VL,61758,1428.8164
2025-01-15 17:00:00,2025-01-15 22:00:00+00:00,61758,HUD VL,162.03,10.68,-37.65,189.0,EST,HUD VL,61758,1508.8857
2025-01-15 18:00:00,2025-01-15 23:00:00+00:00,61758,HUD VL,144.9,10.36,-19.54,154.08,EST,HUD VL,61758,1499.015
2025-01-15 19:00:00,2025-01-16 00:00:00+00:00,61758,HUD VL,127.89,6.88,-36.08,157.09,EST,HUD VL,61758,1440.4921
2025-01-15 20:00:00,2025-01-16 01:00:00+00:00,61758,HUD VL,122.9,6.89,-30.9,146.91,EST,HUD VL,61758,1407.0261
2025-01-15 21:00:00,2025-01-16 02:00:00+00:00,61758,HUD VL,115.64,6.57,-24.92,133.99,EST,HUD VL,61758,1381.2544
2025-01-15 22:00:00,2025-01-16 03:00:00+00:00,61758,HUD VL,116.36,6.31,-25.9,135.95,EST,HUD VL,61758,1311.8449
2025-01-15 23:00:00,2025-01-16 04:00:00+00:00,61758,HUD VL,107.76,6.03,-18.0,119.73,EST,HUD VL,61758,1238.5699
2025-01-16 00:00:00,2025-01-16 05:00:00+00:00,61758,HUD VL,118.34,5.82,-30.49,143.01000000000002,EST,HUD VL,61758,1194.516
2025-01-16 01:00:00,2025-01-16 06:00:00+00:00,61758,HUD VL,108.46,5.73,-20.87,123.6,EST,HUD VL,61758,1165.0342
2025-01-16 02:00:00,2025-01-16 07:00:00+00:00,61758,HUD VL,107.42,5.51,-20.94,122.85,EST,HUD VL,61758,1150.7278
2025-01-16 03:00:00,2025-01-16 08:00:00+00:00,61758,HUD VL,102.49,6.7,-0.05,95.83999999999999,EST,HUD VL,61758,1145.2984
2025-01-16 04:00:00,2025-01-16 09:00:00+00:00,61758,HUD VL,106.32,6.86,0.0,99.46,EST,HUD VL,61758,1157.7023
2025-01-16 05:00:00,2025-01-16 10:00:00+00:00,61758,HUD VL,111.05,7.04,-20.15,124.16,EST,HUD VL,61758,1214.5878
2025-01-16 06:00:00,2025-01-16 11:00:00+00:00,61758,HUD VL,144.27,9.58,-11.94,146.63,EST,HUD VL,61758,1291.8064
2025-01-16 07:00:00,2025-01-16 12:00:00+00:00,61758,HUD VL,168.32,12.0,-6.41,162.73,EST,HUD VL,61758,1374.6697
2025-01-16 08:00:00,2025-01-16 13:00:00+00:00,61758,HUD VL,148.02,10.78,-4.15,141.39000000000001,EST,HUD VL,61758,1339.3492
2025-01-16 09:00:00,2025-01-16 14:00:00+00:00,61758,HUD VL,130.02,9.33,-10.87,131.56,EST,HUD VL,61758,1234.9047
2025-01-16 10:00:00,2025-01-16 15:00:00+00:00,61758,HUD VL,123.23,9.23,0.0,114.0,EST,HUD VL,61758,1287.146
2025-01-16 11:00:00,2025-01-16 16:00:00+00:00,61758,HUD VL,117.74,7.43,-23.95,134.26,EST,HUD VL,61758,1273.269
2025-01-16 12:00:00,2025-01-16 17:00:00+00:00,61758,HUD VL,117.05,7.37,-23.96,133.64,EST,HUD VL,61758,1221.7288
2025-01-16 13:00:00,2025-01-16 18:00:00+00:00,61758,HUD VL,119.34,7.87,-20.01,131.48,EST,HUD VL,61758,1233.8777
2025-01-16 14:00:00,2025-01-16 19:00:00+00:00,61758,HUD VL,124.1,7.69,-26.94,143.35,EST,HUD VL,61758,1330.0671
2025-01-16 15:00:00,2025-01-16 20:00:00+00:00,61758,HUD VL,132.0,8.4,-26.98,150.57999999999998,EST,HUD VL,61758,1371.8442
2025-01-16 16:00:00,2025-01-16 21:00:00+00:00,61758,HUD VL,149.49,8.26,-46.28,187.51000000000002,EST,HUD VL,61758,1435.4604
2025-01-16 17:00:00,2025-01-16 22:00:00+00:00,61758,HUD VL,184.95,9.92,-59.73,234.76,EST,HUD VL,61758,1513.9601
2025-01-16 18:00:00,2025-01-16 23:00:00+00:00,61758,HUD VL,164.98,8.28,-60.4,217.1,EST,HUD VL,61758,1512.3549
2025-01-16 19:00:00,2025-01-17 00:00:00+00:00,61758,HUD VL,149.9,7.76,-53.94,196.08,EST,HUD VL,61758,1491.1356
2025-01-16 20:00:00,2025-01-17 01:00:00+00:00,61758,HUD VL,137.4,7.77,-37.19,166.82,EST,HUD VL,61758,1451.858
2025-01-16 21:00:00,2025-01-17 02:00:00+00:00,61758,HUD VL,121.09,7.32,-30.63,144.4,EST,HUD VL,61758,1396.2764
2025-01-16 22:00:00,2025-01-17 03:00:00+00:00,61758,HUD VL,120.01,7.3,-30.68,143.39000000000001,EST,HUD VL,61758,1311.2257
2025-01-16 23:00:00,2025-01-17 04:00:00+00:00,61758,HUD VL,110.9,7.43,-18.04,121.50999999999999,EST,HUD VL,61758,1239.8476
2025-01-17 00:00:00,2025-01-17 05:00:00+00:00,61758,HUD VL,122.15,8.94,-7.99,121.2,EST,HUD VL,61758,1190.922
2025-01-17 01:00:00,2025-01-17 06:00:00+00:00,61758,HUD VL,102.65,7.1,-9.91,105.46000000000001,EST,HUD VL,61758,1175.7815
2025-01-17 02:00:00,2025-01-17 07:00:00+00:00,61758,HUD VL,96.79,6.4,-11.32,101.71000000000001,EST,HUD VL,61758,1165.2551
2025-01-17 03:00:00,2025-01-17 08:00:00+00:00,61758,HUD VL,98.05,6.81,-5.06,96.3,EST,HUD VL,61758,1166.2132
2025-01-17 04:00:00,2025-01-17 09:00:00+00:00,61758,HUD VL,100.05,6.71,-7.32,100.66,EST,HUD VL,61758,1176.5797
2025-01-17 05:00:00,2025-01-17 10:00:00+00:00,61758,HUD VL,106.01,6.97,-14.03,113.07000000000001,EST,HUD VL,61758,1221.9329
2025-01-17 06:00:00,2025-01-17 11:00:00+00:00,61758,HUD VL,115.68,7.77,-20.53,128.44,EST,HUD VL,61758,1313.2122
2025-01-17 07:00:00,2025-01-17 12:00:00+00:00,61758,HUD VL,152.87,10.97,-17.31,159.21,EST,HUD VL,61758,1374.4139
2025-01-17 08:00:00,2025-01-17 13:00:00+00:00,61758,HUD VL,143.15,10.68,-5.38,137.85,EST,HUD VL,61758,1393.5812
2025-01-17 09:00:00,2025-01-17 14:00:00+00:00,61758,HUD VL,113.59,7.75,-18.75,124.59,EST,HUD VL,61758,1346.0453
2025-01-17 10:00:00,2025-01-17 15:00:00+00:00,61758,HUD VL,95.59,7.33,-3.08,91.34,EST,HUD VL,61758,1195.4496
2025-01-17 11:00:00,2025-01-17 16:00:00+00:00,61758,HUD VL,90.29,7.3,0.0,82.99000000000001,EST,HUD VL,61758,1114.1578
2025-01-17 12:00:00,2025-01-17 17:00:00+00:00,61758,HUD VL,89.17,7.06,0.0,82.11,EST,HUD VL,61758,1121.4604
2025-01-17 13:00:00,2025-01-17 18:00:00+00:00,61758,HUD VL,88.08,6.9,0.0,81.17999999999999,EST,HUD VL,61758,1121.6807
2025-01-17 14:00:00,2025-01-17 19:00:00+00:00,61758,HUD VL,92.42,7.48,0.0,84.94,EST,HUD VL,61758,1172.7996
2025-01-17 15:00:00,2025-01-17 20:00:00+00:00,61758,HUD VL,98.29,6.14,-21.59,113.74000000000001,EST,HUD VL,61758,1265.8053
2025-01-17 16:00:00,2025-01-17 21:00:00+00:00,61758,HUD VL,92.73,5.71,-16.52,103.54,EST,HUD VL,61758,1329.7961
2025-01-17 17:00:00,2025-01-17 22:00:00+00:00,61758,HUD VL,122.52,6.01,-45.79,162.29999999999998,EST,HUD VL,61758,1383.1886
2025-01-17 18:00:00,2025-01-17 23:00:00+00:00,61758,HUD VL,105.84,5.93,-29.34,129.25,EST,HUD VL,61758,1373.3673
2025-01-17 19:00:00,2025-01-18 00:00:00+00:00,61758,HUD VL,96.2,5.93,-19.72,109.99000000000001,EST,HUD VL,61758,1350.5448
2025-01-17 20:00:00,2025-01-18 01:00:00+00:00,61758,HUD VL,96.83,6.08,-20.05,110.8,EST,HUD VL,61758,1327.4167
2025-01-17 21:00:00,2025-01-18 02:00:00+00:00,61758,HUD VL,90.23,5.83,-14.15,98.55000000000001,EST,HUD VL,61758,1285.8417
2025-01-17 22:00:00,2025-01-18 03:00:00+00:00,61758,HUD VL,85.13,5.84,-8.88,88.16999999999999,EST,HUD VL,61758,1227.2728
2025-01-17 23:00:00,2025-01-18 04:00:00+00:00,61758,HUD VL,90.29,5.26,-14.92,99.95,EST,HUD VL,61758,1168.9131
2025-01-18 00:00:00,2025-01-18 05:00:00+00:00,61758,HUD VL,74.03,3.99,0.0,70.04,EST,HUD VL,61758,1127.9145
2025-01-18 01:00:00,2025-01-18 06:00:00+00:00,61758,HUD VL,73.44,3.76,0.0,69.67999999999999,EST,HUD VL,61758,1093.6881
2025-01-18 02:00:00,2025-01-18 07:00:00+00:00,61758,HUD VL,72.06,3.62,0.0,68.44,EST,HUD VL,61758,1070.1396
2025-01-18 03:00:00,2025-01-18 08:00:00+00:00,61758,HUD VL,73.38,3.69,0.0,69.69,EST,HUD VL,61758,1064.8132
2025-01-18 04:00:00,2025-01-18 09:00:00+00:00,61758,HUD VL,73.52,3.76,0.0,69.75999999999999,EST,HUD VL,61758,1067.7068
2025-01-18 05:00:00,2025-01-18 10:00:00+00:00,61758,HUD VL,74.41,4.08,0.0,70.33,EST,HUD VL,61758,1086.1371
2025-01-18 06:00:00,2025-01-18 11:00:00+00:00,61758,HUD VL,70.4,3.79,0.0,66.61,EST,HUD VL,61758,1126.8518
2025-01-18 07:00:00,2025-01-18 12:00:00+00:00,61758,HUD VL,66.81,3.28,-8.88,72.41,EST,HUD VL,61758,1172.2612
2025-01-18 08:00:00,2025-01-18 13:00:00+00:00,61758,HUD VL,70.44,3.7,-8.03,74.77,EST,HUD VL,61758,1185.9634
2025-01-18 09:00:00,2025-01-18 14:00:00+00:00,61758,HUD VL,88.95,4.68,-14.51,98.78000000000002,EST,HUD VL,61758,1205.0145
2025-01-18 10:00:00,2025-01-18 15:00:00+00:00,61758,HUD VL,106.27,5.55,-25.65,126.37,EST,HUD VL,61758,1218.2612
2025-01-18 11:00:00,2025-01-18 16:00:00+00:00,61758,HUD VL,111.81,5.25,-35.59,142.15,EST,HUD VL,61758,1223.8817
2025-01-18 12:00:00,2025-01-18 17:00:00+00:00,61758,HUD VL,110.24,5.09,-34.46,139.60999999999999,EST,HUD VL,61758,1245.8019
2025-01-18 13:00:00,2025-01-18 18:00:00+00:00,61758,HUD VL,105.86,4.94,-30.31,131.23,EST,HUD VL,61758,1261.6617
2025-01-18 14:00:00,2025-01-18 19:00:00+00:00,61758,HUD VL,102.72,5.23,-26.8,124.28999999999999,EST,HUD VL,61758,1275.1633
2025-01-18 15:00:00,2025-01-18 20:00:00+00:00,61758,HUD VL,105.75,5.31,-29.68,130.12,EST,HUD VL,61758,1278.8662
2025-01-18 16:00:00,2025-01-18 21:00:00+00:00,61758,HUD VL,118.39,5.51,-41.27,154.15,EST,HUD VL,61758,1304.6355
2025-01-18 17:00:00,2025-01-18 22:00:00+00:00,61758,HUD VL,146.43,5.35,-69.78,210.86,EST,HUD VL,61758,1340.761
2025-01-18 18:00:00,2025-01-18 23:00:00+00:00,61758,HUD VL,141.89,5.54,-61.52,197.87,EST,HUD VL,61758,1328.1063
2025-01-18 19:00:00,2025-01-19 00:00:00+00:00,61758,HUD VL,133.57,5.05,-57.44,185.95999999999998,EST,HUD VL,61758,1294.4116
2025-01-18 20:00:00,2025-01-19 01:00:00+00:00,61758,HUD VL,127.54,4.82,-51.86,174.57999999999998,EST,HUD VL,61758,1258.8509
2025-01-18 21:00:00,2025-01-19 02:00:00+00:00,61758,HUD VL,113.99,4.81,-38.46,147.64,EST,HUD VL,61758,1210.3521
2025-01-18 22:00:00,2025-01-19 03:00:00+00:00,61758,HUD VL,96.85,4.89,-21.03,112.99,EST,HUD VL,61758,1162.5588
2025-01-18 23:00:00,2025-01-19 04:00:00+00:00,61758,HUD VL,103.87,4.46,-28.7,128.11,EST,HUD VL,61758,1111.7631
2025-01-19 00:00:00,2025-01-19 05:00:00+00:00,61758,HUD VL,140.58,5.18,-53.14,188.54000000000002,EST,HUD VL,61758,1069.9695
2025-01-19 01:00:00,2025-01-19 06:00:00+00:00,61758,HUD VL,141.31,5.17,-51.44,187.58,EST,HUD VL,61758,1033.7336
2025-01-19 02:00:00,2025-01-19 07:00:00+00:00,61758,HUD VL,144.58,4.89,-56.71,196.40000000000003,EST,HUD VL,61758,1017.9102
2025-01-19 03:00:00,2025-01-19 08:00:00+00:00,61758,HUD VL,136.28,4.93,-46.34,177.69,EST,HUD VL,61758,1006.6638
2025-01-19 04:00:00,2025-01-19 09:00:00+00:00,61758,HUD VL,131.0,4.93,-41.07,167.14,EST,HUD VL,61758,1022.6391
2025-01-19 05:00:00,2025-01-19 10:00:00+00:00,61758,HUD VL,131.28,5.29,-40.63,166.62,EST,HUD VL,61758,1026.6994
2025-01-19 06:00:00,2025-01-19 11:00:00+00:00,61758,HUD VL,140.96,5.38,-50.32,185.9,EST,HUD VL,61758,1059.745
2025-01-19 07:00:00,2025-01-19 12:00:00+00:00,61758,HUD VL,143.1,5.97,-51.78,188.91,EST,HUD VL,61758,1105.2919
2025-01-19 08:00:00,2025-01-19 13:00:00+00:00,61758,HUD VL,140.71,6.82,-45.28,179.17000000000002,EST,HUD VL,61758,1131.869
2025-01-19 09:00:00,2025-01-19 14:00:00+00:00,61758,HUD VL,149.86,6.9,-53.32,196.28,EST,HUD VL,61758,1150.9932
2025-01-19 10:00:00,2025-01-19 15:00:00+00:00,61758,HUD VL,167.89,6.83,-72.37,233.42999999999998,EST,HUD VL,61758,1128.6226
2025-01-19 11:00:00,2025-01-19 16:00:00+00:00,61758,HUD VL,158.71,6.93,-63.0,214.78,EST,HUD VL,61758,1143.2762
2025-01-19 12:00:00,2025-01-19 17:00:00+00:00,61758,HUD VL,155.65,6.92,-60.13,208.86,EST,HUD VL,61758,1200.0522
2025-01-19 13:00:00,2025-01-19 18:00:00+00:00,61758,HUD VL,156.58,6.73,-62.43,212.28000000000003,EST,HUD VL,61758,1263.1047
2025-01-19 14:00:00,2025-01-19 19:00:00+00:00,61758,HUD VL,160.54,7.05,-64.18,217.67,EST,HUD VL,61758,1311.9363
2025-01-19 15:00:00,2025-01-19 20:00:00+00:00,61758,HUD VL,175.33,9.74,-28.49,194.08,EST,HUD VL,61758,1352.1464
2025-01-19 16:00:00,2025-01-19 21:00:00+00:00,61758,HUD VL,192.72,11.04,-26.17,207.85000000000002,EST,HUD VL,61758,1402.4416
2025-01-19 17:00:00,2025-01-19 22:00:00+00:00,61758,HUD VL,244.2,15.51,-0.68,229.37,EST,HUD VL,61758,1457.459
2025-01-19 18:00:00,2025-01-19 23:00:00+00:00,61758,HUD VL,225.84,14.05,-2.15,213.94,EST,HUD VL,61758,1449.269
2025-01-19 19:00:00,2025-01-20 00:00:00+00:00,61758,HUD VL,221.75,13.75,-2.83,210.83,EST,HUD VL,61758,1411.8797
2025-01-19 20:00:00,2025-01-20 01:00:00+00:00,61758,HUD VL,193.63,10.95,-16.71,199.39000000000001,EST,HUD VL,61758,1368.5595
2025-01-19 21:00:00,2025-01-20 02:00:00+00:00,61758,HUD VL,169.45,9.24,-22.39,182.59999999999997,EST,HUD VL,61758,1325.0449
2025-01-19 22:00:00,2025-01-20 03:00:00+00:00,61758,HUD VL,175.62,9.57,-16.71,182.76000000000002,EST,HUD VL,61758,1264.2114
2025-01-19 23:00:00,2025-01-20 04:00:00+00:00,61758,HUD VL,171.91,10.04,0.0,161.87,EST,HUD VL,61758,1205.5326
2025-01-20 00:00:00,2025-01-20 05:00:00+00:00,61758,HUD VL,184.74,10.62,0.0,174.12,EST,HUD VL,61758,1166.8864
2025-01-20 01:00:00,2025-01-20 06:00:00+00:00,61758,HUD VL,172.69,9.93,0.0,162.76,EST,HUD VL,61758,1139.0738
2025-01-20 02:00:00,2025-01-20 07:00:00+00:00,61758,HUD VL,166.35,9.86,0.0,156.49,EST,HUD VL,61758,1128.5505
2025-01-20 03:00:00,2025-01-20 08:00:00+00:00,61758,HUD VL,166.33,8.97,0.0,157.36,EST,HUD VL,61758,1136.7506
2025-01-20 04:00:00,2025-01-20 09:00:00+00:00,61758,HUD VL,176.73,8.73,0.0,168.0,EST,HUD VL,61758,1156.121
2025-01-20 05:00:00,2025-01-20 10:00:00+00:00,61758,HUD VL,199.22,8.21,0.0,191.01,EST,HUD VL,61758,1200.8284
2025-01-20 06:00:00,2025-01-20 11:00:00+00:00,61758,HUD VL,239.47,10.08,0.0,229.39,EST,HUD VL,61758,1261.0005
2025-01-20 07:00:00,2025-01-20 12:00:00+00:00,61758,HUD VL,262.65,11.14,-9.38,260.89,EST,HUD VL,61758,1325.683
2025-01-20 08:00:00,2025-01-20 13:00:00+00:00,61758,HUD VL,235.62,9.18,-12.88,239.32,EST,HUD VL,61758,1374.8004
2025-01-20 09:00:00,2025-01-20 14:00:00+00:00,61758,HUD VL,241.31,10.56,-1.22,231.97,EST,HUD VL,61758,1392.0687
2025-01-20 10:00:00,2025-01-20 15:00:00+00:00,61758,HUD VL,220.2,9.89,0.0,210.31,EST,HUD VL,61758,1401.6408
2025-01-20 11:00:00,2025-01-20 16:00:00+00:00,61758,HUD VL,218.23,9.99,0.0,208.23999999999998,EST,HUD VL,61758,1413.9972
2025-01-20 12:00:00,2025-01-20 17:00:00+00:00,61758,HUD VL,218.62,10.6,0.0,208.02,EST,HUD VL,61758,1420.136
2025-01-20 13:00:00,2025-01-20 18:00:00+00:00,61758,HUD VL,219.65,10.65,0.0,209.0,EST,HUD VL,61758,1426.7227
2025-01-20 14:00:00,2025-01-20 19:00:00+00:00,61758,HUD VL,228.92,11.31,0.0,217.60999999999999,EST,HUD VL,61758,1436.3566
2025-01-20 15:00:00,2025-01-20 20:00:00+00:00,61758,HUD VL,234.52,11.8,-0.01,222.73,EST,HUD VL,61758,1438.128
2025-01-20 16:00:00,2025-01-20 21:00:00+00:00,61758,HUD VL,252.91,11.85,-12.97,254.03,EST,HUD VL,61758,1484.9097
2025-01-20 17:00:00,2025-01-20 22:00:00+00:00,61758,HUD VL,308.91,12.76,-12.79,308.94000000000005,EST,HUD VL,61758,1564.7325
2025-01-20 18:00:00,2025-01-20 23:00:00+00:00,61758,HUD VL,295.19,12.05,-9.06,292.2,EST,HUD VL,61758,1571.1335
2025-01-20 19:00:00,2025-01-21 00:00:00+00:00,61758,HUD VL,272.36,11.26,-11.09,272.19,EST,HUD VL,61758,1550.752
2025-01-20 20:00:00,2025-01-21 01:00:00+00:00,61758,HUD VL,252.45,10.81,-6.83,248.47,EST,HUD VL,61758,1512.5483
2025-01-20 21:00:00,2025-01-21 02:00:00+00:00,61758,HUD VL,232.16,9.88,-2.91,225.19,EST,HUD VL,61758,1463.1732
2025-01-20 22:00:00,2025-01-21 03:00:00+00:00,61758,HUD VL,232.15,9.77,0.0,222.38,EST,HUD VL,61758,1390.2248
2025-01-20 23:00:00,2025-01-21 04:00:00+00:00,61758,HUD VL,219.88,8.66,0.0,211.22,EST,HUD VL,61758,1325.6982
2025-01-21 00:00:00,2025-01-21 05:00:00+00:00,61758,HUD VL,212.14,8.36,0.0,203.77999999999997,EST,HUD VL,61758,1287.894
2025-01-21 01:00:00,2025-01-21 06:00:00+00:00,61758,HUD VL,194.51,7.84,0.0,186.67,EST,HUD VL,61758,1270.1001
2025-01-21 02:00:00,2025-01-21 07:00:00+00:00,61758,HUD VL,205.41,7.91,0.0,197.5,EST,HUD VL,61758,1263.4459
2025-01-21 03:00:00,2025-01-21 08:00:00+00:00,61758,HUD VL,203.33,8.01,0.0,195.32000000000002,EST,HUD VL,61758,1267.8724
2025-01-21 04:00:00,2025-01-21 09:00:00+00:00,61758,HUD VL,208.45,8.21,0.0,200.23999999999998,EST,HUD VL,61758,1283.6993
2025-01-21 05:00:00,2025-01-21 10:00:00+00:00,61758,HUD VL,217.76,8.38,0.0,209.38,EST,HUD VL,61758,1343.7979
2025-01-21 06:00:00,2025-01-21 11:00:00+00:00,61758,HUD VL,266.3,10.73,0.0,255.57000000000002,EST,HUD VL,61758,1449.9246
2025-01-21 07:00:00,2025-01-21 12:00:00+00:00,61758,HUD VL,313.41,14.07,0.0,299.34000000000003,EST,HUD VL,61758,1525.8057
2025-01-21 08:00:00,2025-01-21 13:00:00+00:00,61758,HUD VL,274.78,12.58,0.0,262.2,EST,HUD VL,61758,1554.6402
2025-01-21 09:00:00,2025-01-21 14:00:00+00:00,61758,HUD VL,260.76,12.41,0.0,248.35,EST,HUD VL,61758,1552.8193
2025-01-21 10:00:00,2025-01-21 15:00:00+00:00,61758,HUD VL,247.35,12.44,0.0,234.91,EST,HUD VL,61758,1537.8571
2025-01-21 11:00:00,2025-01-21 16:00:00+00:00,61758,HUD VL,234.69,11.8,0.0,222.89,EST,HUD VL,61758,1514.7654
2025-01-21 12:00:00,2025-01-21 17:00:00+00:00,61758,HUD VL,230.0,11.57,0.0,218.43,EST,HUD VL,61758,1480.682
2025-01-21 13:00:00,2025-01-21 18:00:00+00:00,61758,HUD VL,235.88,12.08,0.0,223.79999999999998,EST,HUD VL,61758,1475.718
2025-01-21 14:00:00,2025-01-21 19:00:00+00:00,61758,HUD VL,244.74,12.31,0.0,232.43,EST,HUD VL,61758,1494.3733
2025-01-21 15:00:00,2025-01-21 20:00:00+00:00,61758,HUD VL,258.52,12.54,0.0,245.98,EST,HUD VL,61758,1512.0331
2025-01-21 16:00:00,2025-01-21 21:00:00+00:00,61758,HUD VL,271.41,12.43,0.0,258.98,EST,HUD VL,61758,1549.5291
2025-01-21 17:00:00,2025-01-21 22:00:00+00:00,61758,HUD VL,338.56,15.6,-4.5,327.46,EST,HUD VL,61758,1625.5212
2025-01-21 18:00:00,2025-01-21 23:00:00+00:00,61758,HUD VL,328.71,14.52,-5.43,319.62,EST,HUD VL,61758,1627.3799
2025-01-21 19:00:00,2025-01-22 00:00:00+00:00,61758,HUD VL,295.31,13.96,-2.08,283.43,EST,HUD VL,61758,1602.7341
2025-01-21 20:00:00,2025-01-22 01:00:00+00:00,61758,HUD VL,263.66,12.55,0.02,251.09,EST,HUD VL,61758,1567.64
2025-01-21 21:00:00,2025-01-22 02:00:00+00:00,61758,HUD VL,251.4,11.51,0.0,239.89000000000001,EST,HUD VL,61758,1515.3188
2025-01-21 22:00:00,2025-01-22 03:00:00+00:00,61758,HUD VL,238.86,10.29,0.0,228.57000000000002,EST,HUD VL,61758,1449.7195
2025-01-21 23:00:00,2025-01-22 04:00:00+00:00,61758,HUD VL,234.53,9.24,0.0,225.29,EST,HUD VL,61758,1391.4648
2025-01-22 00:00:00,2025-01-22 05:00:00+00:00,61758,HUD VL,212.34,8.56,0.0,203.78,EST,HUD VL,61758,1354.0618
2025-01-22 01:00:00,2025-01-22 06:00:00+00:00,61758,HUD VL,208.15,8.97,0.0,199.18,EST,HUD VL,61758,1328.565
2025-01-22 02:00:00,2025-01-22 07:00:00+00:00,61758,HUD VL,203.45,8.38,0.0,195.07,EST,HUD VL,61758,1322.6212
2025-01-22 03:00:00,2025-01-22 08:00:00+00:00,61758,HUD VL,202.76,8.74,0.0,194.01999999999998,EST,HUD VL,61758,1328.1795
2025-01-22 04:00:00,2025-01-22 09:00:00+00:00,61758,HUD VL,215.69,8.5,0.0,207.19,EST,HUD VL,61758,1347.3264
2025-01-22 05:00:00,2025-01-22 10:00:00+00:00,61758,HUD VL,225.39,9.08,0.0,216.30999999999997,EST,HUD VL,61758,1404.6371
2025-01-22 06:00:00,2025-01-22 11:00:00+00:00,61758,HUD VL,294.21,11.86,0.0,282.34999999999997,EST,HUD VL,61758,1507.991
2025-01-22 07:00:00,2025-01-22 12:00:00+00:00,61758,HUD VL,315.4,13.88,0.0,301.52,EST,HUD VL,61758,1587.2825
2025-01-22 08:00:00,2025-01-22 13:00:00+00:00,61758,HUD VL,288.94,13.49,0.0,275.45,EST,HUD VL,61758,1608.6492
2025-01-22 09:00:00,2025-01-22 14:00:00+00:00,61758,HUD VL,259.58,13.06,0.0,246.51999999999998,EST,HUD VL,61758,1586.6508
2025-01-22 10:00:00,2025-01-22 15:00:00+00:00,61758,HUD VL,233.03,12.77,0.0,220.26,EST,HUD VL,61758,1560.4439
2025-01-22 11:00:00,2025-01-22 16:00:00+00:00,61758,HUD VL,219.93,11.46,0.0,208.47,EST,HUD VL,61758,1537.1521
2025-01-22 12:00:00,2025-01-22 17:00:00+00:00,61758,HUD VL,216.79,11.1,0.0,205.69,EST,HUD VL,61758,1504.0574
2025-01-22 13:00:00,2025-01-22 18:00:00+00:00,61758,HUD VL,217.11,11.12,0.0,205.99,EST,HUD VL,61758,1474.8036
2025-01-22 14:00:00,2025-01-22 19:00:00+00:00,61758,HUD VL,219.88,11.26,0.0,208.62,EST,HUD VL,61758,1468.5298
2025-01-22 15:00:00,2025-01-22 20:00:00+00:00,61758,HUD VL,243.49,13.78,0.0,229.71,EST,HUD VL,61758,1485.6467
2025-01-22 16:00:00,2025-01-22 21:00:00+00:00,61758,HUD VL,257.4,14.11,0.0,243.28999999999996,EST,HUD VL,61758,1512.3935
2025-01-22 17:00:00,2025-01-22 22:00:00+00:00,61758,HUD VL,311.47,17.07,-0.05,294.45000000000005,EST,HUD VL,61758,1615.2704
2025-01-22 18:00:00,2025-01-22 23:00:00+00:00,61758,HUD VL,302.09,16.23,-0.98,286.84,EST,HUD VL,61758,1646.4478
2025-01-22 19:00:00,2025-01-23 00:00:00+00:00,61758,HUD VL,274.4,15.04,0.0,259.35999999999996,EST,HUD VL,61758,1621.2994
2025-01-22 20:00:00,2025-01-23 01:00:00+00:00,61758,HUD VL,257.3,13.87,0.0,243.43,EST,HUD VL,61758,1574.0581
2025-01-22 21:00:00,2025-01-23 02:00:00+00:00,61758,HUD VL,239.27,12.25,0.0,227.02,EST,HUD VL,61758,1520.7868
2025-01-22 22:00:00,2025-01-23 03:00:00+00:00,61758,HUD VL,225.54,10.74,0.0,214.79999999999998,EST,HUD VL,61758,1448.0866
2025-01-22 23:00:00,2025-01-23 04:00:00+00:00,61758,HUD VL,217.61,9.38,0.0,208.23000000000002,EST,HUD VL,61758,1375.7115
2025-01-23 00:00:00,2025-01-23 05:00:00+00:00,61758,HUD VL,172.0,9.74,0.0,162.26,EST,HUD VL,61758,1332.0811
2025-01-23 01:00:00,2025-01-23 06:00:00+00:00,61758,HUD VL,165.44,9.51,0.0,155.93,EST,HUD VL,61758,1312.5431
2025-01-23 02:00:00,2025-01-23 07:00:00+00:00,61758,HUD VL,162.98,9.52,0.0,153.45999999999998,EST,HUD VL,61758,1303.9005
2025-01-23 03:00:00,2025-01-23 08:00:00+00:00,61758,HUD VL,161.05,9.12,0.0,151.93,EST,HUD VL,61758,1294.5391
2025-01-23 04:00:00,2025-01-23 09:00:00+00:00,61758,HUD VL,165.35,9.21,0.0,156.14,EST,HUD VL,61758,1299.9435
2025-01-23 05:00:00,2025-01-23 10:00:00+00:00,61758,HUD VL,172.67,10.39,0.0,162.27999999999997,EST,HUD VL,61758,1343.4341
2025-01-23 06:00:00,2025-01-23 11:00:00+00:00,61758,HUD VL,205.0,11.93,-15.0,208.07,EST,HUD VL,61758,1429.0234
2025-01-23 07:00:00,2025-01-23 12:00:00+00:00,61758,HUD VL,215.44,12.93,-20.37,222.88,EST,HUD VL,61758,1509.8714
2025-01-23 08:00:00,2025-01-23 13:00:00+00:00,61758,HUD VL,203.97,13.28,-15.8,206.49,EST,HUD VL,61758,1541.2294
2025-01-23 09:00:00,2025-01-23 14:00:00+00:00,61758,HUD VL,196.02,13.68,0.0,182.34,EST,HUD VL,61758,1510.9116
2025-01-23 10:00:00,2025-01-23 15:00:00+00:00,61758,HUD VL,167.22,10.5,0.0,156.72,EST,HUD VL,61758,1484.5481
2025-01-23 11:00:00,2025-01-23 16:00:00+00:00,61758,HUD VL,153.37,9.63,0.0,143.74,EST,HUD VL,61758,1437.8873
2025-01-23 12:00:00,2025-01-23 17:00:00+00:00,61758,HUD VL,153.48,9.36,0.0,144.12,EST,HUD VL,61758,1404.3335
2025-01-23 13:00:00,2025-01-23 18:00:00+00:00,61758,HUD VL,147.24,8.86,0.0,138.38,EST,HUD VL,61758,1374.4325
2025-01-23 14:00:00,2025-01-23 19:00:00+00:00,61758,HUD VL,146.23,8.92,0.0,137.31,EST,HUD VL,61758,1366.0619
2025-01-23 15:00:00,2025-01-23 20:00:00+00:00,61758,HUD VL,157.23,9.73,0.0,147.5,EST,HUD VL,61758,1403.8684
2025-01-23 16:00:00,2025-01-23 21:00:00+00:00,61758,HUD VL,172.75,11.0,0.0,161.75,EST,HUD VL,61758,1466.5078
2025-01-23 17:00:00,2025-01-23 22:00:00+00:00,61758,HUD VL,197.03,12.78,-1.57,185.82,EST,HUD VL,61758,1555.7743
2025-01-23 18:00:00,2025-01-23 23:00:00+00:00,61758,HUD VL,193.57,12.41,-3.85,185.01,EST,HUD VL,61758,1576.4513
2025-01-23 19:00:00,2025-01-24 00:00:00+00:00,61758,HUD VL,178.16,11.49,0.0,166.67,EST,HUD VL,61758,1562.5393
2025-01-23 20:00:00,2025-01-24 01:00:00+00:00,61758,HUD VL,172.41,11.12,0.0,161.29,EST,HUD VL,61758,1537.5106
2025-01-23 21:00:00,2025-01-24 02:00:00+00:00,61758,HUD VL,164.68,10.49,0.0,154.19,EST,HUD VL,61758,1478.5723
2025-01-23 22:00:00,2025-01-24 03:00:00+00:00,61758,HUD VL,158.36,9.8,0.0,148.56,EST,HUD VL,61758,1404.8422
2025-01-23 23:00:00,2025-01-24 04:00:00+00:00,61758,HUD VL,157.2,9.32,0.0,147.88,EST,HUD VL,61758,1329.9198
2025-01-24 00:00:00,2025-01-24 05:00:00+00:00,61758,HUD VL,149.02,6.84,-41.68,183.86,EST,HUD VL,61758,1297.0769
2025-01-24 01:00:00,2025-01-24 06:00:00+00:00,61758,HUD VL,140.63,6.48,-37.37,171.52,EST,HUD VL,61758,1278.8952
2025-01-24 02:00:00,2025-01-24 07:00:00+00:00,61758,HUD VL,125.08,6.54,-20.99,139.53,EST,HUD VL,61758,1266.4054
2025-01-24 03:00:00,2025-01-24 08:00:00+00:00,61758,HUD VL,130.8,7.54,-10.76,134.02,EST,HUD VL,61758,1262.6064
2025-01-24 04:00:00,2025-01-24 09:00:00+00:00,61758,HUD VL,135.89,7.56,-17.16,145.48999999999998,EST,HUD VL,61758,1283.1544
2025-01-24 05:00:00,2025-01-24 10:00:00+00:00,61758,HUD VL,149.77,8.84,-10.99,151.92000000000002,EST,HUD VL,61758,1335.1745
2025-01-24 06:00:00,2025-01-24 11:00:00+00:00,61758,HUD VL,177.73,10.38,0.0,167.35,EST,HUD VL,61758,1428.7703
2025-01-24 07:00:00,2025-01-24 12:00:00+00:00,61758,HUD VL,190.26,10.62,-5.57,185.20999999999998,EST,HUD VL,61758,1490.7524
2025-01-24 08:00:00,2025-01-24 13:00:00+00:00,61758,HUD VL,183.4,11.19,0.0,172.21,EST,HUD VL,61758,1502.3758
2025-01-24 09:00:00,2025-01-24 14:00:00+00:00,61758,HUD VL,162.74,9.61,-23.23,176.35999999999999,EST,HUD VL,61758,1453.9681
2025-01-24 10:00:00,2025-01-24 15:00:00+00:00,61758,HUD VL,128.12,7.63,-11.46,131.95000000000002,EST,HUD VL,61758,1410.842
2025-01-24 11:00:00,2025-01-24 16:00:00+00:00,61758,HUD VL,125.0,6.89,-18.18,136.29,EST,HUD VL,61758,1364.9149
2025-01-24 12:00:00,2025-01-24 17:00:00+00:00,61758,HUD VL,121.26,6.94,-13.6,127.92,EST,HUD VL,61758,1310.1236
2025-01-24 13:00:00,2025-01-24 18:00:00+00:00,61758,HUD VL,118.78,6.72,-14.63,126.69,EST,HUD VL,61758,1272.6311
2025-01-24 14:00:00,2025-01-24 19:00:00+00:00,61758,HUD VL,119.12,7.16,-11.14,123.10000000000001,EST,HUD VL,61758,1272.8463
2025-01-24 15:00:00,2025-01-24 20:00:00+00:00,61758,HUD VL,131.53,7.52,-19.57,143.58,EST,HUD VL,61758,1323.5199
2025-01-24 16:00:00,2025-01-24 21:00:00+00:00,61758,HUD VL,148.39,8.23,-28.93,169.09,EST,HUD VL,61758,1402.59
2025-01-24 17:00:00,2025-01-24 22:00:00+00:00,61758,HUD VL,178.85,10.48,-35.73,204.1,EST,HUD VL,61758,1479.291
2025-01-24 18:00:00,2025-01-24 23:00:00+00:00,61758,HUD VL,175.66,10.33,-32.96,198.29,EST,HUD VL,61758,1501.175
2025-01-24 19:00:00,2025-01-25 00:00:00+00:00,61758,HUD VL,164.84,8.19,-47.46,204.11,EST,HUD VL,61758,1487.4419
2025-01-24 20:00:00,2025-01-25 01:00:00+00:00,61758,HUD VL,155.27,7.6,-44.95,192.62,EST,HUD VL,61758,1464.5558
2025-01-24 21:00:00,2025-01-25 02:00:00+00:00,61758,HUD VL,134.79,8.07,-16.06,142.78,EST,HUD VL,61758,1423.3841
2025-01-24 22:00:00,2025-01-25 03:00:00+00:00,61758,HUD VL,124.37,7.24,-16.62,133.75,EST,HUD VL,61758,1392.0715
2025-01-24 23:00:00,2025-01-25 04:00:00+00:00,61758,HUD VL,133.86,6.82,-26.73,153.77,EST,HUD VL,61758,1335.818
2025-01-25 00:00:00,2025-01-25 05:00:00+00:00,61758,HUD VL,157.15,6.71,-53.09,203.53,EST,HUD VL,61758,1302.436
2025-01-25 01:00:00,2025-01-25 06:00:00+00:00,61758,HUD VL,150.24,7.82,-25.71,168.13000000000002,EST,HUD VL,61758,1283.8071
2025-01-25 02:00:00,2025-01-25 07:00:00+00:00,61758,HUD VL,146.68,8.05,-16.64,155.26999999999998,EST,HUD VL,61758,1272.6824
2025-01-25 03:00:00,2025-01-25 08:00:00+00:00,61758,HUD VL,146.61,9.08,0.0,137.53,EST,HUD VL,61758,1264.8156
2025-01-25 04:00:00,2025-01-25 09:00:00+00:00,61758,HUD VL,150.71,9.19,0.0,141.52,EST,HUD VL,61758,1263.9039
2025-01-25 05:00:00,2025-01-25 10:00:00+00:00,61758,HUD VL,159.27,9.59,0.0,149.68,EST,HUD VL,61758,1278.3737
2025-01-25 06:00:00,2025-01-25 11:00:00+00:00,61758,HUD VL,172.91,8.64,-31.24,195.51,EST,HUD VL,61758,1333.563
2025-01-25 07:00:00,2025-01-25 12:00:00+00:00,61758,HUD VL,190.12,8.6,-51.18,232.70000000000002,EST,HUD VL,61758,1381.7771
2025-01-25 08:00:00,2025-01-25 13:00:00+00:00,61758,HUD VL,177.97,9.6,-31.22,199.59,EST,HUD VL,61758,1388.6248
2025-01-25 09:00:00,2025-01-25 14:00:00+00:00,61758,HUD VL,156.9,7.99,-39.35,188.26,EST,HUD VL,61758,1297.7158
2025-01-25 10:00:00,2025-01-25 15:00:00+00:00,61758,HUD VL,129.85,6.83,-22.67,145.69,EST,HUD VL,61758,1238.4524
2025-01-25 11:00:00,2025-01-25 16:00:00+00:00,61758,HUD VL,115.77,5.88,-22.09,131.98,EST,HUD VL,61758,1222.0591
2025-01-25 12:00:00,2025-01-25 17:00:00+00:00,61758,HUD VL,111.8,5.78,-18.49,124.50999999999999,EST,HUD VL,61758,1236.9888
2025-01-25 13:00:00,2025-01-25 18:00:00+00:00,61758,HUD VL,110.91,5.59,-18.04,123.35999999999999,EST,HUD VL,61758,1228.7554
2025-01-25 14:00:00,2025-01-25 19:00:00+00:00,61758,HUD VL,116.46,5.6,-23.42,134.28,EST,HUD VL,61758,1248.2801
2025-01-25 15:00:00,2025-01-25 20:00:00+00:00,61758,HUD VL,125.2,5.69,-31.89,151.4,EST,HUD VL,61758,1330.7671
2025-01-25 16:00:00,2025-01-25 21:00:00+00:00,61758,HUD VL,140.18,6.05,-46.31,180.44,EST,HUD VL,61758,1382.6586
2025-01-25 17:00:00,2025-01-25 22:00:00+00:00,61758,HUD VL,158.88,6.35,-64.36,216.89,EST,HUD VL,61758,1450.4412
2025-01-25 18:00:00,2025-01-25 23:00:00+00:00,61758,HUD VL,156.34,6.44,-61.64,211.54000000000002,EST,HUD VL,61758,1457.9797
2025-01-25 19:00:00,2025-01-26 00:00:00+00:00,61758,HUD VL,143.93,5.64,-56.49,194.78000000000003,EST,HUD VL,61758,1430.6824
2025-01-25 20:00:00,2025-01-26 01:00:00+00:00,61758,HUD VL,141.81,5.22,-59.91,196.5,EST,HUD VL,61758,1407.1583
2025-01-25 21:00:00,2025-01-26 02:00:00+00:00,61758,HUD VL,125.21,4.9,-47.2,167.51,EST,HUD VL,61758,1374.1973
2025-01-25 22:00:00,2025-01-26 03:00:00+00:00,61758,HUD VL,122.8,4.77,-45.74,163.77,EST,HUD VL,61758,1315.6816
2025-01-25 23:00:00,2025-01-26 04:00:00+00:00,61758,HUD VL,126.03,4.33,-49.54,171.24,EST,HUD VL,61758,1261.544
2025-01-26 00:00:00,2025-01-26 05:00:00+00:00,61758,HUD VL,127.73,5.43,-34.68,156.98000000000002,EST,HUD VL,61758,1216.1243
2025-01-26 01:00:00,2025-01-26 06:00:00+00:00,61758,HUD VL,106.85,5.2,-16.4,118.04999999999998,EST,HUD VL,61758,1180.5643
2025-01-26 02:00:00,2025-01-26 07:00:00+00:00,61758,HUD VL,106.91,4.83,-20.27,122.35,EST,HUD VL,61758,1153.5757
2025-01-26 03:00:00,2025-01-26 08:00:00+00:00,61758,HUD VL,98.18,4.83,-11.54,104.89000000000001,EST,HUD VL,61758,1139.8439
2025-01-26 04:00:00,2025-01-26 09:00:00+00:00,61758,HUD VL,99.0,4.78,-13.26,107.48,EST,HUD VL,61758,1136.6626
2025-01-26 05:00:00,2025-01-26 10:00:00+00:00,61758,HUD VL,107.46,4.25,-29.93,133.14,EST,HUD VL,61758,1148.5089
2025-01-26 06:00:00,2025-01-26 11:00:00+00:00,61758,HUD VL,112.7,4.95,-26.53,134.28,EST,HUD VL,61758,1183.6167
2025-01-26 07:00:00,2025-01-26 12:00:00+00:00,61758,HUD VL,102.83,4.24,-26.67,125.26,EST,HUD VL,61758,1224.8105
2025-01-26 08:00:00,2025-01-26 13:00:00+00:00,61758,HUD VL,106.05,5.0,-23.02,124.07,EST,HUD VL,61758,1219.9049
2025-01-26 09:00:00,2025-01-26 14:00:00+00:00,61758,HUD VL,110.43,5.28,-23.85,129.0,EST,HUD VL,61758,1163.204
2025-01-26 10:00:00,2025-01-26 15:00:00+00:00,61758,HUD VL,94.98,4.81,-17.31,107.48,EST,HUD VL,61758,1102.5029
2025-01-26 11:00:00,2025-01-26 16:00:00+00:00,61758,HUD VL,101.86,4.81,-21.98,119.03,EST,HUD VL,61758,1107.6097
2025-01-26 12:00:00,2025-01-26 17:00:00+00:00,61758,HUD VL,99.09,4.62,-22.31,116.78,EST,HUD VL,61758,1081.6614
2025-01-26 13:00:00,2025-01-26 18:00:00+00:00,61758,HUD VL,96.04,4.62,-19.27,110.69,EST,HUD VL,61758,1075.7063
2025-01-26 14:00:00,2025-01-26 19:00:00+00:00,61758,HUD VL,98.7,4.48,-21.92,116.14,EST,HUD VL,61758,1094.9166
2025-01-26 15:00:00,2025-01-26 20:00:00+00:00,61758,HUD VL,94.48,5.27,-8.07,97.28,EST,HUD VL,61758,1156.6715
2025-01-26 16:00:00,2025-01-26 21:00:00+00:00,61758,HUD VL,103.11,5.42,-14.27,111.96,EST,HUD VL,61758,1279.2789
2025-01-26 17:00:00,2025-01-26 22:00:00+00:00,61758,HUD VL,129.7,5.81,-35.82,159.70999999999998,EST,HUD VL,61758,1394.437
2025-01-26 18:00:00,2025-01-26 23:00:00+00:00,61758,HUD VL,148.3,5.9,-54.33,196.73000000000002,EST,HUD VL,61758,1411.974
2025-01-26 19:00:00,2025-01-27 00:00:00+00:00,61758,HUD VL,115.72,5.78,-22.32,132.26,EST,HUD VL,61758,1394.5016
2025-01-26 20:00:00,2025-01-27 01:00:00+00:00,61758,HUD VL,104.43,5.79,-10.84,109.48,EST,HUD VL,61758,1361.7034
2025-01-26 21:00:00,2025-01-27 02:00:00+00:00,61758,HUD VL,98.9,5.19,-12.75,106.46000000000001,EST,HUD VL,61758,1309.6361
2025-01-26 22:00:00,2025-01-27 03:00:00+00:00,61758,HUD VL,92.5,4.76,-9.69,97.42999999999999,EST,HUD VL,61758,1247.6007
2025-01-26 23:00:00,2025-01-27 04:00:00+00:00,61758,HUD VL,90.73,4.25,-14.48,100.96000000000001,EST,HUD VL,61758,1182.9127
2025-01-27 00:00:00,2025-01-27 05:00:00+00:00,61758,HUD VL,103.22,4.87,-17.13,115.47999999999999,EST,HUD VL,61758,1143.8708
2025-01-27 01:00:00,2025-01-27 06:00:00+00:00,61758,HUD VL,86.7,4.24,-10.53,92.99000000000001,EST,HUD VL,61758,1119.8347
2025-01-27 02:00:00,2025-01-27 07:00:00+00:00,61758,HUD VL,85.78,4.16,-9.92,91.54,EST,HUD VL,61758,1105.4802
2025-01-27 03:00:00,2025-01-27 08:00:00+00:00,61758,HUD VL,85.83,4.16,-9.89,91.56,EST,HUD VL,61758,1106.9212
2025-01-27 04:00:00,2025-01-27 09:00:00+00:00,61758,HUD VL,89.11,4.25,-12.87,97.73,EST,HUD VL,61758,1123.8435
2025-01-27 05:00:00,2025-01-27 10:00:00+00:00,61758,HUD VL,96.54,4.4,-19.99,112.13,EST,HUD VL,61758,1185.0673
2025-01-27 06:00:00,2025-01-27 11:00:00+00:00,61758,HUD VL,117.78,5.59,-24.95,137.14,EST,HUD VL,61758,1289.6993
2025-01-27 07:00:00,2025-01-27 12:00:00+00:00,61758,HUD VL,165.37,5.89,-71.51,230.99,EST,HUD VL,61758,1352.2778
2025-01-27 08:00:00,2025-01-27 13:00:00+00:00,61758,HUD VL,136.94,6.44,-42.25,172.75,EST,HUD VL,61758,1280.2261
2025-01-27 09:00:00,2025-01-27 14:00:00+00:00,61758,HUD VL,122.45,5.08,-43.74,161.11,EST,HUD VL,61758,1135.9552
2025-01-27 10:00:00,2025-01-27 15:00:00+00:00,61758,HUD VL,101.89,4.73,-25.45,122.61,EST,HUD VL,61758,1032.2203
2025-01-27 11:00:00,2025-01-27 16:00:00+00:00,61758,HUD VL,97.02,4.8,-20.52,112.74,EST,HUD VL,61758,978.872
2025-01-27 12:00:00,2025-01-27 17:00:00+00:00,61758,HUD VL,92.05,4.74,-15.46,102.77000000000001,EST,HUD VL,61758,945.0234
2025-01-27 13:00:00,2025-01-27 18:00:00+00:00,61758,HUD VL,89.02,4.74,-12.51,96.79,EST,HUD VL,61758,939.7126
2025-01-27 14:00:00,2025-01-27 19:00:00+00:00,61758,HUD VL,83.91,4.88,-7.25,86.28,EST,HUD VL,61758,1006.7386
2025-01-27 15:00:00,2025-01-27 20:00:00+00:00,61758,HUD VL,98.21,4.82,-21.47,114.85999999999999,EST,HUD VL,61758,1188.3179
2025-01-27 16:00:00,2025-01-27 21:00:00+00:00,61758,HUD VL,111.87,4.96,-35.0,141.91000000000003,EST,HUD VL,61758,1378.3359
2025-01-27 17:00:00,2025-01-27 22:00:00+00:00,61758,HUD VL,159.06,5.96,-70.41,223.51,EST,HUD VL,61758,1407.5266
2025-01-27 18:00:00,2025-01-27 23:00:00+00:00,61758,HUD VL,154.95,5.8,-68.58,217.72999999999996,EST,HUD VL,61758,1437.5911
2025-01-27 19:00:00,2025-01-28 00:00:00+00:00,61758,HUD VL,124.53,5.13,-47.11,166.51,EST,HUD VL,61758,1414.3648
2025-01-27 20:00:00,2025-01-28 01:00:00+00:00,61758,HUD VL,112.1,5.3,-31.11,137.91,EST,HUD VL,61758,1375.7388
2025-01-27 21:00:00,2025-01-28 02:00:00+00:00,61758,HUD VL,98.59,4.83,-21.7,115.46000000000001,EST,HUD VL,61758,1317.5772
2025-01-27 22:00:00,2025-01-28 03:00:00+00:00,61758,HUD VL,104.08,4.6,-27.63,127.11,EST,HUD VL,61758,1234.0313
2025-01-27 23:00:00,2025-01-28 04:00:00+00:00,61758,HUD VL,103.46,4.23,-27.53,126.75999999999999,EST,HUD VL,61758,1160.9766
2025-01-28 00:00:00,2025-01-28 05:00:00+00:00,61758,HUD VL,108.15,4.43,-32.31,136.03,EST,HUD VL,61758,1112.596
2025-01-28 01:00:00,2025-01-28 06:00:00+00:00,61758,HUD VL,106.68,4.28,-31.06,133.46,EST,HUD VL,61758,1078.6555
2025-01-28 02:00:00,2025-01-28 07:00:00+00:00,61758,HUD VL,102.78,4.2,-27.31,125.89,EST,HUD VL,61758,1059.4751
2025-01-28 03:00:00,2025-01-28 08:00:00+00:00,61758,HUD VL,100.63,4.2,-25.15,121.57999999999998,EST,HUD VL,61758,1058.2886
2025-01-28 04:00:00,2025-01-28 09:00:00+00:00,61758,HUD VL,110.76,4.22,-34.99,141.53,EST,HUD VL,61758,1074.0253
2025-01-28 05:00:00,2025-01-28 10:00:00+00:00,61758,HUD VL,114.2,4.54,-37.66,147.32,EST,HUD VL,61758,1121.4005
2025-01-28 06:00:00,2025-01-28 11:00:00+00:00,61758,HUD VL,126.94,5.04,-43.23,165.13,EST,HUD VL,61758,1214.4512
2025-01-28 07:00:00,2025-01-28 12:00:00+00:00,61758,HUD VL,159.52,5.87,-66.12,219.77,EST,HUD VL,61758,1267.8196
2025-01-28 08:00:00,2025-01-28 13:00:00+00:00,61758,HUD VL,142.85,6.25,-48.62,185.22,EST,HUD VL,61758,1226.3285
2025-01-28 09:00:00,2025-01-28 14:00:00+00:00,61758,HUD VL,123.69,6.31,-29.76,147.14,EST,HUD VL,61758,1142.2004
2025-01-28 10:00:00,2025-01-28 15:00:00+00:00,61758,HUD VL,119.79,6.24,-25.75,139.3,EST,HUD VL,61758,1050.389
2025-01-28 11:00:00,2025-01-28 16:00:00+00:00,61758,HUD VL,115.78,6.14,-21.83,131.47,EST,HUD VL,61758,957.5259
2025-01-28 12:00:00,2025-01-28 17:00:00+00:00,61758,HUD VL,112.21,6.05,-18.46,124.62,EST,HUD VL,61758,959.2474
2025-01-28 13:00:00,2025-01-28 18:00:00+00:00,61758,HUD VL,110.57,5.77,-18.67,123.47,EST,HUD VL,61758,936.0286
2025-01-28 14:00:00,2025-01-28 19:00:00+00:00,61758,HUD VL,112.8,6.22,-18.96,125.53999999999999,EST,HUD VL,61758,990.3874
2025-01-28 15:00:00,2025-01-28 20:00:00+00:00,61758,HUD VL,129.68,6.52,-35.0,158.16000000000003,EST,HUD VL,61758,1138.33
2025-01-28 16:00:00,2025-01-28 21:00:00+00:00,61758,HUD VL,154.2,6.7,-59.24,206.74,EST,HUD VL,61758,1303.7272
2025-01-28 17:00:00,2025-01-28 22:00:00+00:00,61758,HUD VL,193.28,12.77,-12.33,192.84,EST,HUD VL,61758,1422.1774
2025-01-28 18:00:00,2025-01-28 23:00:00+00:00,61758,HUD VL,188.72,12.8,-5.35,181.26999999999998,EST,HUD VL,61758,1451.0664
2025-01-28 19:00:00,2025-01-29 00:00:00+00:00,61758,HUD VL,168.5,8.71,-43.68,203.47,EST,HUD VL,61758,1437.7635
2025-01-28 20:00:00,2025-01-29 01:00:00+00:00,61758,HUD VL,165.54,10.0,-14.76,170.29999999999998,EST,HUD VL,61758,1401.0058
2025-01-28 21:00:00,2025-01-29 02:00:00+00:00,61758,HUD VL,140.79,7.4,-29.21,162.6,EST,HUD VL,61758,1342.0098
2025-01-28 22:00:00,2025-01-29 03:00:00+00:00,61758,HUD VL,124.04,6.04,-30.47,148.47,EST,HUD VL,61758,1262.1646
2025-01-28 23:00:00,2025-01-29 04:00:00+00:00,61758,HUD VL,121.79,5.5,-29.12,145.41,EST,HUD VL,61758,1190.6729
2025-01-29 00:00:00,2025-01-29 05:00:00+00:00,61758,HUD VL,118.89,5.23,-18.5,132.16,EST,HUD VL,61758,1136.2526
2025-01-29 01:00:00,2025-01-29 06:00:00+00:00,61758,HUD VL,107.43,4.7,-14.08,116.81,EST,HUD VL,61758,1091.1219
2025-01-29 02:00:00,2025-01-29 07:00:00+00:00,61758,HUD VL,102.83,4.49,-10.35,108.69,EST,HUD VL,61758,1067.1231
2025-01-29 03:00:00,2025-01-29 08:00:00+00:00,61758,HUD VL,101.49,4.2,-14.83,112.11999999999999,EST,HUD VL,61758,1063.6445
2025-01-29 04:00:00,2025-01-29 09:00:00+00:00,61758,HUD VL,102.11,4.74,-6.19,103.56,EST,HUD VL,61758,1078.4132
2025-01-29 05:00:00,2025-01-29 10:00:00+00:00,61758,HUD VL,102.06,5.04,-5.39,102.41,EST,HUD VL,61758,1123.7139
2025-01-29 06:00:00,2025-01-29 11:00:00+00:00,61758,HUD VL,140.59,4.89,-55.61,191.31,EST,HUD VL,61758,1200.2057
2025-01-29 07:00:00,2025-01-29 12:00:00+00:00,61758,HUD VL,172.75,4.63,-95.8,263.92,EST,HUD VL,61758,1252.6683
2025-01-29 08:00:00,2025-01-29 13:00:00+00:00,61758,HUD VL,154.79,5.34,-69.69,219.14,EST,HUD VL,61758,1215.4
2025-01-29 09:00:00,2025-01-29 14:00:00+00:00,61758,HUD VL,143.43,5.91,-45.24,182.76000000000002,EST,HUD VL,61758,1053.7306
2025-01-29 10:00:00,2025-01-29 15:00:00+00:00,61758,HUD VL,136.56,7.53,-7.66,136.69,EST,HUD VL,61758,1026.2624
2025-01-29 11:00:00,2025-01-29 16:00:00+00:00,61758,HUD VL,129.12,7.28,-4.42,126.26,EST,HUD VL,61758,1028.5593
2025-01-29 12:00:00,2025-01-29 17:00:00+00:00,61758,HUD VL,126.27,7.03,0.0,119.24,EST,HUD VL,61758,1003.6759
2025-01-29 13:00:00,2025-01-29 18:00:00+00:00,61758,HUD VL,124.72,6.93,-0.3,118.08999999999999,EST,HUD VL,61758,1030.1096
2025-01-29 14:00:00,2025-01-29 19:00:00+00:00,61758,HUD VL,120.4,6.92,0.0,113.48,EST,HUD VL,61758,1025.7523
2025-01-29 15:00:00,2025-01-29 20:00:00+00:00,61758,HUD VL,130.09,7.71,0.0,122.38000000000001,EST,HUD VL,61758,1137.0453
2025-01-29 16:00:00,2025-01-29 21:00:00+00:00,61758,HUD VL,144.94,9.1,0.0,135.84,EST,HUD VL,61758,1273.2973
2025-01-29 17:00:00,2025-01-29 22:00:00+00:00,61758,HUD VL,167.17,6.51,-67.63,228.29,EST,HUD VL,61758,1383.011
2025-01-29 18:00:00,2025-01-29 23:00:00+00:00,61758,HUD VL,164.45,7.3,-54.38,211.52999999999997,EST,HUD VL,61758,1409.0018
2025-01-29 19:00:00,2025-01-30 00:00:00+00:00,61758,HUD VL,158.19,6.72,-56.89,208.36,EST,HUD VL,61758,1389.3102
2025-01-29 20:00:00,2025-01-30 01:00:00+00:00,61758,HUD VL,147.25,8.37,-15.89,154.76999999999998,EST,HUD VL,61758,1360.6076
2025-01-29 21:00:00,2025-01-30 02:00:00+00:00,61758,HUD VL,138.12,8.07,-5.89,135.94,EST,HUD VL,61758,1316.3372
2025-01-29 22:00:00,2025-01-30 03:00:00+00:00,61758,HUD VL,125.8,6.9,-1.9,120.8,EST,HUD VL,61758,1252.1103
2025-01-29 23:00:00,2025-01-30 04:00:00+00:00,61758,HUD VL,115.11,6.03,-5.08,114.16,EST,HUD VL,61758,1195.8189
2025-01-30 00:00:00,2025-01-30 05:00:00+00:00,61758,HUD VL,108.1,5.83,-0.01,102.28,EST,HUD VL,61758,1164.5764
2025-01-30 01:00:00,2025-01-30 06:00:00+00:00,61758,HUD VL,99.95,5.21,0.0,94.74000000000001,EST,HUD VL,61758,1141.0839
2025-01-30 02:00:00,2025-01-30 07:00:00+00:00,61758,HUD VL,96.97,4.96,0.0,92.01,EST,HUD VL,61758,1134.6641
2025-01-30 03:00:00,2025-01-30 08:00:00+00:00,61758,HUD VL,98.92,4.98,0.0,93.94,EST,HUD VL,61758,1138.9706
2025-01-30 04:00:00,2025-01-30 09:00:00+00:00,61758,HUD VL,105.38,5.49,-0.01,99.9,EST,HUD VL,61758,1155.1517
2025-01-30 05:00:00,2025-01-30 10:00:00+00:00,61758,HUD VL,107.44,6.09,-4.76,106.11,EST,HUD VL,61758,1214.5069
2025-01-30 06:00:00,2025-01-30 11:00:00+00:00,61758,HUD VL,157.92,4.65,-83.81,237.07999999999998,EST,HUD VL,61758,1315.6806
2025-01-30 07:00:00,2025-01-30 12:00:00+00:00,61758,HUD VL,196.3,6.0,-102.06,292.36,EST,HUD VL,61758,1366.6358
2025-01-30 08:00:00,2025-01-30 13:00:00+00:00,61758,HUD VL,157.99,6.95,-48.86,199.90000000000003,EST,HUD VL,61758,1307.1159
2025-01-30 09:00:00,2025-01-30 14:00:00+00:00,61758,HUD VL,138.0,6.13,-44.24,176.11,EST,HUD VL,61758,1216.5333
2025-01-30 10:00:00,2025-01-30 15:00:00+00:00,61758,HUD VL,105.42,5.75,-12.59,112.26,EST,HUD VL,61758,1093.5441
2025-01-30 11:00:00,2025-01-30 16:00:00+00:00,61758,HUD VL,95.0,5.94,-1.8,90.86,EST,HUD VL,61758,995.5064
2025-01-30 12:00:00,2025-01-30 17:00:00+00:00,61758,HUD VL,81.95,4.93,-1.11,78.13000000000001,EST,HUD VL,61758,971.3526
2025-01-30 13:00:00,2025-01-30 18:00:00+00:00,61758,HUD VL,76.01,4.64,0.0,71.37,EST,HUD VL,61758,979.7732
2025-01-30 14:00:00,2025-01-30 19:00:00+00:00,61758,HUD VL,88.64,4.26,-17.86,102.24,EST,HUD VL,61758,1001.558
2025-01-30 15:00:00,2025-01-30 20:00:00+00:00,61758,HUD VL,76.08,4.91,0.0,71.17,EST,HUD VL,61758,1145.1855
2025-01-30 16:00:00,2025-01-30 21:00:00+00:00,61758,HUD VL,141.43,5.43,-57.31,193.31,EST,HUD VL,61758,1303.5876
2025-01-30 17:00:00,2025-01-30 22:00:00+00:00,61758,HUD VL,150.36,6.37,-56.74,200.73000000000002,EST,HUD VL,61758,1422.1274
2025-01-30 18:00:00,2025-01-30 23:00:00+00:00,61758,HUD VL,167.89,6.55,-73.98,235.32,EST,HUD VL,61758,1430.5204
2025-01-30 19:00:00,2025-01-31 00:00:00+00:00,61758,HUD VL,144.36,5.83,-58.64,197.17000000000002,EST,HUD VL,61758,1420.9781
2025-01-30 20:00:00,2025-01-31 01:00:00+00:00,61758,HUD VL,136.5,7.69,-18.89,147.7,EST,HUD VL,61758,1371.7888
2025-01-30 21:00:00,2025-01-31 02:00:00+00:00,61758,HUD VL,124.38,7.34,-2.4,119.44,EST,HUD VL,61758,1315.7104
2025-01-30 22:00:00,2025-01-31 03:00:00+00:00,61758,HUD VL,100.05,5.75,0.0,94.3,EST,HUD VL,61758,1252.2695
2025-01-30 23:00:00,2025-01-31 04:00:00+00:00,61758,HUD VL,91.93,4.27,-12.7,100.36000000000001,EST,HUD VL,61758,1161.422
2025-01-31 00:00:00,2025-01-31 05:00:00+00:00,61758,HUD VL,76.62,3.44,-7.02,80.2,EST,HUD VL,61758,1122.685
2025-01-31 01:00:00,2025-01-31 06:00:00+00:00,61758,HUD VL,77.8,3.47,-4.82,79.15,EST,HUD VL,61758,1095.2093
2025-01-31 02:00:00,2025-01-31 07:00:00+00:00,61758,HUD VL,77.84,3.4,-5.07,79.50999999999999,EST,HUD VL,61758,1073.7389
2025-01-31 03:00:00,2025-01-31 08:00:00+00:00,61758,HUD VL,78.44,3.45,-7.32,82.31,EST,HUD VL,61758,1059.258
2025-01-31 04:00:00,2025-01-31 09:00:00+00:00,61758,HUD VL,77.39,3.96,0.0,73.43,EST,HUD VL,61758,1061.7573
2025-01-31 05:00:00,2025-01-31 10:00:00+00:00,61758,HUD VL,81.04,4.0,-0.12,77.16000000000001,EST,HUD VL,61758,1105.1659
2025-01-31 06:00:00,2025-01-31 11:00:00+00:00,61758,HUD VL,93.72,5.14,0.0,88.58,EST,HUD VL,61758,1190.8129
2025-01-31 07:00:00,2025-01-31 12:00:00+00:00,61758,HUD VL,119.42,5.9,-15.17,128.69,EST,HUD VL,61758,1265.4385
2025-01-31 08:00:00,2025-01-31 13:00:00+00:00,61758,HUD VL,127.24,7.43,0.0,119.81,EST,HUD VL,61758,1314.5087
2025-01-31 09:00:00,2025-01-31 14:00:00+00:00,61758,HUD VL,149.03,8.3,0.0,140.73,EST,HUD VL,61758,1339.0117
2025-01-31 10:00:00,2025-01-31 15:00:00+00:00,61758,HUD VL,139.66,7.53,0.0,132.13,EST,HUD VL,61758,1339.1642
2025-01-31 11:00:00,2025-01-31 16:00:00+00:00,61758,HUD VL,133.27,7.9,0.0,125.37,EST,HUD VL,61758,1333.8357
2025-01-31 12:00:00,2025-01-31 17:00:00+00:00,61758,HUD VL,115.86,7.12,-0.81,109.55,EST,HUD VL,61758,1310.4643
2025-01-31 13:00:00,2025-01-31 18:00:00+00:00,61758,HUD VL,97.01,5.59,-4.14,95.56,EST,HUD VL,61758,1307.8394
2025-01-31 14:00:00,2025-01-31 19:00:00+00:00,61758,HUD VL,101.72,5.58,-8.95,105.09,EST,HUD VL,61758,1326.7647
2025-01-31 15:00:00,2025-01-31 20:00:00+00:00,61758,HUD VL,104.49,5.58,-11.81,110.72,EST,HUD VL,61758,1349.3198
2025-01-31 16:00:00,2025-01-31 21:00:00+00:00,61758,HUD VL,96.76,5.38,-4.55,95.93,EST,HUD VL,61758,1372.557
2025-01-31 17:00:00,2025-01-31 22:00:00+00:00,61758,HUD VL,100.05,5.57,-7.48,101.96,EST,HUD VL,61758,1386.554
2025-01-31 18:00:00,2025-01-31 23:00:00+00:00,61758,HUD VL,88.68,4.82,-4.85,88.71000000000001,EST,HUD VL,61758,1368.1051
2025-01-31 19:00:00,2025-02-01 00:00:00+00:00,61758,HUD VL,85.21,4.36,-9.44,90.28999999999999,EST,HUD VL,61758,1338.2694
2025-01-31 20:00:00,2025-02-01 01:00:00+00:00,61758,HUD VL,92.1,4.51,-16.1,103.69,EST,HUD VL,61758,1302.0472
2025-01-31 21:00:00,2025-02-01 02:00:00+00:00,61758,HUD VL,77.55,4.2,-2.15,75.5,EST,HUD VL,61758,1253.129
2025-01-31 22:00:00,2025-02-01 03:00:00+00:00,61758,HUD VL,75.48,4.13,-0.15,71.50000000000001,EST,HUD VL,61758,1190.8846
2025-01-31 23:00:00,2025-02-01 04:00:00+00:00,61758,HUD VL,75.04,3.91,0.0,71.13000000000001,EST,HUD VL,61758,1131.7182
