timestamp_local,timestamp_utc,location_id,location,day_ahead_price_usd_mwh,energy_component_usd_mwh,congestion_component_usd_mwh,loss_component_usd_mwh,zone,load_area,actual_load_mw,is_verified
2025-01-01 00:00:00,2025-01-01 05:00:00+00:00,51301,PSEG,21.9812,21.26,0.153437,0.567763,PS,PS,4068.85,True
2025-01-01 01:00:00,2025-01-01 06:00:00+00:00,51301,PSEG,21.397873,20.96,-0.01277,0.450643,PS,PS,3966.606,True
2025-01-01 02:00:00,2025-01-01 07:00:00+00:00,51301,PSEG,20.641678,20.42,-0.26647,0.488148,PS,PS,3851.354,True
2025-01-01 03:00:00,2025-01-01 08:00:00+00:00,51301,PSEG,20.69632,20.45,-0.28392,0.53024,PS,PS,3767.111,True
2025-01-01 04:00:00,2025-01-01 09:00:00+00:00,51301,PSEG,20.649481,20.46,-0.400733,0.590214,PS,PS,3766.67,True
2025-01-01 05:00:00,2025-01-01 10:00:00+00:00,51301,PSEG,21.480903,20.78,-0.375465,1.076368,PS,PS,3807.887,True
2025-01-01 06:00:00,2025-01-01 11:00:00+00:00,51301,PSEG,21.811589,21.64,-0.999748,1.171337,PS,PS,3888.765,True
2025-01-01 07:00:00,2025-01-01 12:00:00+00:00,51301,PSEG,25.06067,25.66,-2.203518,1.604188,PS,PS,3886.86,True
2025-01-01 08:00:00,2025-01-01 13:00:00+00:00,51301,PSEG,25.156641,24.54,-0.795671,1.412312,PS,PS,3810.661,True
2025-01-01 09:00:00,2025-01-01 14:00:00+00:00,51301,PSEG,24.247743,23.17,-0.146122,1.223865,PS,PS,3706.24,True
2025-01-01 10:00:00,2025-01-01 15:00:00+00:00,51301,PSEG,24.293982,23.21,-0.165434,1.249416,PS,PS,3792.905,True
2025-01-01 11:00:00,2025-01-01 16:00:00+00:00,51301,PSEG,24.33462,23.26,-0.072964,1.147584,PS,PS,3930.665,True
2025-01-01 12:00:00,2025-01-01 17:00:00+00:00,51301,PSEG,24.019949,22.88,0.160769,0.97918,PS,PS,4117.085,True
2025-01-01 13:00:00,2025-01-01 18:00:00+00:00,51301,PSEG,23.720688,22.61,0.210888,0.8998,PS,PS,4257.799,True
2025-01-01 14:00:00,2025-01-01 19:00:00+00:00,51301,PSEG,23.9731,22.75,0.190704,1.032396,PS,PS,4345.654,True
2025-01-01 15:00:00,2025-01-01 20:00:00+00:00,51301,PSEG,24.706942,23.47,0.10093,1.136012,PS,PS,4445.384,True
2025-01-01 16:00:00,2025-01-01 21:00:00+00:00,51301,PSEG,28.074254,26.56,0.064976,1.449278,PS,PS,4705.362,True
2025-01-01 17:00:00,2025-01-01 22:00:00+00:00,51301,PSEG,34.684832,32.58,-0.164527,2.269359,PS,PS,5040.437,True
2025-01-01 18:00:00,2025-01-01 23:00:00+00:00,51301,PSEG,34.325272,32.48,-0.34696,2.192232,PS,PS,5043.069,True
2025-01-01 19:00:00,2025-01-02 00:00:00+00:00,51301,PSEG,33.781305,32.22,-0.377179,1.938484,PS,PS,5010.183,True
2025-01-01 20:00:00,2025-01-02 01:00:00+00:00,51301,PSEG,33.515244,32.08,-0.328285,1.763529,PS,PS,4948.724,True
2025-01-01 21:00:00,2025-01-02 02:00:00+00:00,51301,PSEG,30.847223,30.04,-0.303211,1.110434,PS,PS,4835.116,True
2025-01-01 22:00:00,2025-01-02 03:00:00+00:00,51301,PSEG,30.164782,29.6,-0.081781,0.646563,PS,PS,4636.601,True
2025-01-01 23:00:00,2025-01-02 04:00:00+00:00,51301,PSEG,28.081909,27.7,-0.161019,0.542928,PS,PS,4413.507,True
2025-01-02 00:00:00,2025-01-02 05:00:00+00:00,51301,PSEG,24.61721,25.11,-1.173959,0.681169,PS,PS,4242.381,True
2025-01-02 01:00:00,2025-01-02 06:00:00+00:00,51301,PSEG,23.191977,23.79,-1.104205,0.506182,PS,PS,4119.588,True
2025-01-02 02:00:00,2025-01-02 07:00:00+00:00,51301,PSEG,22.868496,23.58,-1.054,0.342496,PS,PS,4057.049,True
2025-01-02 03:00:00,2025-01-02 08:00:00+00:00,51301,PSEG,22.878876,23.67,-1.016131,0.225007,PS,PS,4056.174,True
2025-01-02 04:00:00,2025-01-02 09:00:00+00:00,51301,PSEG,23.536007,25.05,-1.614012,0.100019,PS,PS,4136.75,True
2025-01-02 05:00:00,2025-01-02 10:00:00+00:00,51301,PSEG,24.108161,28.33,-4.419008,0.197169,PS,PS,4378.566,True
2025-01-02 06:00:00,2025-01-02 11:00:00+00:00,51301,PSEG,31.449681,37.16,-5.979629,0.26931,PS,PS,4756.754,True
2025-01-02 07:00:00,2025-01-02 12:00:00+00:00,51301,PSEG,41.931714,45.92,-4.744588,0.756302,PS,PS,5020.42,True
2025-01-02 08:00:00,2025-01-02 13:00:00+00:00,51301,PSEG,35.212851,37.46,-2.84278,0.595631,PS,PS,4982.686,True
2025-01-02 09:00:00,2025-01-02 14:00:00+00:00,51301,PSEG,33.683108,34.22,-1.284413,0.747521,PS,PS,4799.78,True
2025-01-02 10:00:00,2025-01-02 15:00:00+00:00,51301,PSEG,34.051794,33.25,-0.08689,0.888684,PS,PS,4755.056,True
2025-01-02 11:00:00,2025-01-02 16:00:00+00:00,51301,PSEG,33.154606,32.12,0.119332,0.915274,PS,PS,4677.074,True
2025-01-02 12:00:00,2025-01-02 17:00:00+00:00,51301,PSEG,30.644664,29.61,0.058783,0.975881,PS,PS,4726.415,True
2025-01-02 13:00:00,2025-01-02 18:00:00+00:00,51301,PSEG,30.600105,29.36,0.138423,1.101682,PS,PS,4920.793,True
2025-01-02 14:00:00,2025-01-02 19:00:00+00:00,51301,PSEG,30.641836,29.3,0.028326,1.31351,PS,PS,5187.438,True
2025-01-02 15:00:00,2025-01-02 20:00:00+00:00,51301,PSEG,30.507036,29.36,-0.084997,1.232033,PS,PS,5344.921,True
2025-01-02 16:00:00,2025-01-02 21:00:00+00:00,51301,PSEG,38.577797,36.95,-0.107356,1.735153,PS,PS,5526.387,True
2025-01-02 17:00:00,2025-01-02 22:00:00+00:00,51301,PSEG,55.074901,52.04,0.088438,2.946463,PS,PS,5805.711,True
2025-01-02 18:00:00,2025-01-02 23:00:00+00:00,51301,PSEG,45.904423,44.13,-0.01112,1.785543,PS,PS,5764.017,True
2025-01-02 19:00:00,2025-01-03 00:00:00+00:00,51301,PSEG,40.713979,39.27,-0.17628,1.620259,PS,PS,5705.023,True
2025-01-02 20:00:00,2025-01-03 01:00:00+00:00,51301,PSEG,40.363049,38.57,0.077188,1.715861,PS,PS,5606.029,True
2025-01-02 21:00:00,2025-01-03 02:00:00+00:00,51301,PSEG,39.100652,37.34,0.254156,1.506496,PS,PS,5423.141,True
2025-01-02 22:00:00,2025-01-03 03:00:00+00:00,51301,PSEG,36.089365,34.39,0.314212,1.385153,PS,PS,5168.949,True
2025-01-02 23:00:00,2025-01-03 04:00:00+00:00,51301,PSEG,33.077227,31.49,0.492188,1.095039,PS,PS,4905.496,True
2025-01-03 00:00:00,2025-01-03 05:00:00+00:00,51301,PSEG,30.565987,28.73,0.772855,1.063132,PS,PS,4684.697,True
2025-01-03 01:00:00,2025-01-03 06:00:00+00:00,51301,PSEG,30.399872,28.45,1.032616,0.917256,PS,PS,4528.86,True
2025-01-03 02:00:00,2025-01-03 07:00:00+00:00,51301,PSEG,29.584551,27.6,1.212263,0.772288,PS,PS,4433.862,True
2025-01-03 03:00:00,2025-01-03 08:00:00+00:00,51301,PSEG,29.644509,27.58,1.302005,0.762504,PS,PS,4404.074,True
2025-01-03 04:00:00,2025-01-03 09:00:00+00:00,51301,PSEG,29.990572,27.78,1.422021,0.788551,PS,PS,4461.347,True
2025-01-03 05:00:00,2025-01-03 10:00:00+00:00,51301,PSEG,31.932695,29.86,1.352509,0.720186,PS,PS,4645.889,True
2025-01-03 06:00:00,2025-01-03 11:00:00+00:00,51301,PSEG,40.130844,37.02,1.555776,1.555068,PS,PS,4970.786,True
2025-01-03 07:00:00,2025-01-03 12:00:00+00:00,51301,PSEG,46.397204,42.25,1.902758,2.244446,PS,PS,5223.554,True
2025-01-03 08:00:00,2025-01-03 13:00:00+00:00,51301,PSEG,40.656497,37.95,1.219081,1.487416,PS,PS,5212.14,True
2025-01-03 09:00:00,2025-01-03 14:00:00+00:00,51301,PSEG,35.901563,33.38,0.882713,1.63885,PS,PS,5048.581,True
2025-01-03 10:00:00,2025-01-03 15:00:00+00:00,51301,PSEG,34.663376,32.49,0.4161,1.757276,PS,PS,4891.424,True
2025-01-03 11:00:00,2025-01-03 16:00:00+00:00,51301,PSEG,33.54,30.93,0.831339,1.778661,PS,PS,4750.517,True
2025-01-03 12:00:00,2025-01-03 17:00:00+00:00,51301,PSEG,32.200219,29.36,1.131793,1.708426,PS,PS,4705.547,True
2025-01-03 13:00:00,2025-01-03 18:00:00+00:00,51301,PSEG,31.587208,28.21,1.649609,1.727599,PS,PS,4784.501,True
2025-01-03 14:00:00,2025-01-03 19:00:00+00:00,51301,PSEG,30.931814,27.74,1.436716,1.755098,PS,PS,5001.637,True
2025-01-03 15:00:00,2025-01-03 20:00:00+00:00,51301,PSEG,31.932103,29.39,0.730818,1.811285,PS,PS,5220.567,True
2025-01-03 16:00:00,2025-01-03 21:00:00+00:00,51301,PSEG,34.990906,32.5,0.568474,1.922432,PS,PS,5496.207,True
2025-01-03 17:00:00,2025-01-03 22:00:00+00:00,51301,PSEG,44.57116,41.36,0.509921,2.701239,PS,PS,5731.492,True
2025-01-03 18:00:00,2025-01-03 23:00:00+00:00,51301,PSEG,42.536437,39.84,0.283018,2.413419,PS,PS,5681.842,True
2025-01-03 19:00:00,2025-01-04 00:00:00+00:00,51301,PSEG,39.987384,37.62,0.260559,2.106825,PS,PS,5607.818,True
2025-01-03 20:00:00,2025-01-04 01:00:00+00:00,51301,PSEG,39.422587,37.0,0.207922,2.214665,PS,PS,5503.248,True
2025-01-03 21:00:00,2025-01-04 02:00:00+00:00,51301,PSEG,38.000907,35.56,0.216511,2.224396,PS,PS,5395.226,True
2025-01-03 22:00:00,2025-01-04 03:00:00+00:00,51301,PSEG,36.212505,33.95,0.224341,2.038164,PS,PS,5196.151,True
2025-01-03 23:00:00,2025-01-04 04:00:00+00:00,51301,PSEG,34.491075,31.87,0.294537,2.326538,PS,PS,4969.962,True
2025-01-04 00:00:00,2025-01-04 05:00:00+00:00,51301,PSEG,36.078165,34.4,-0.184571,1.862736,PS,PS,4768.606,True
2025-01-04 01:00:00,2025-01-04 06:00:00+00:00,51301,PSEG,35.334507,34.07,-0.421487,1.685994,PS,PS,4602.317,True
2025-01-04 02:00:00,2025-01-04 07:00:00+00:00,51301,PSEG,34.765953,33.57,-0.399622,1.595575,PS,PS,4494.624,True
2025-01-04 03:00:00,2025-01-04 08:00:00+00:00,51301,PSEG,34.920182,34.15,-0.897569,1.667751,PS,PS,4467.98,True
2025-01-04 04:00:00,2025-01-04 09:00:00+00:00,51301,PSEG,35.781114,35.02,-0.840426,1.60154,PS,PS,4476.057,True
2025-01-04 05:00:00,2025-01-04 10:00:00+00:00,51301,PSEG,35.439856,34.83,-1.063541,1.673397,PS,PS,4560.645,True
2025-01-04 06:00:00,2025-01-04 11:00:00+00:00,51301,PSEG,37.858109,39.18,-3.419906,2.098015,PS,PS,4703.299,True
2025-01-04 07:00:00,2025-01-04 12:00:00+00:00,51301,PSEG,43.760093,45.52,-4.892912,3.133005,PS,PS,4788.79,True
2025-01-04 08:00:00,2025-01-04 13:00:00+00:00,51301,PSEG,42.267364,41.29,-1.403642,2.381006,PS,PS,4762.642,True
2025-01-04 09:00:00,2025-01-04 14:00:00+00:00,51301,PSEG,37.879533,36.08,-0.332467,2.132,PS,PS,4697.986,True
2025-01-04 10:00:00,2025-01-04 15:00:00+00:00,51301,PSEG,38.222526,35.82,0.005855,2.396671,PS,PS,4851.039,True
2025-01-04 11:00:00,2025-01-04 16:00:00+00:00,51301,PSEG,37.549758,35.05,-0.043273,2.543031,PS,PS,4836.759,True
2025-01-04 12:00:00,2025-01-04 17:00:00+00:00,51301,PSEG,36.560831,34.03,0.039366,2.491465,PS,PS,4794.918,True
2025-01-04 13:00:00,2025-01-04 18:00:00+00:00,51301,PSEG,35.335579,32.34,0.499452,2.496127,PS,PS,4782.717,True
2025-01-04 14:00:00,2025-01-04 19:00:00+00:00,51301,PSEG,34.3586,31.36,0.65334,2.34526,PS,PS,4952.364,True
2025-01-04 15:00:00,2025-01-04 20:00:00+00:00,51301,PSEG,35.778153,32.61,0.750932,2.417221,PS,PS,5153.141,True
2025-01-04 16:00:00,2025-01-04 21:00:00+00:00,51301,PSEG,44.114092,40.03,1.037853,3.046239,PS,PS,5431.007,True
2025-01-04 17:00:00,2025-01-04 22:00:00+00:00,51301,PSEG,58.559041,52.26,1.719265,4.579776,PS,PS,5665.599,True
2025-01-04 18:00:00,2025-01-04 23:00:00+00:00,51301,PSEG,51.646096,47.24,1.164371,3.241725,PS,PS,5715.893,True
2025-01-04 19:00:00,2025-01-05 00:00:00+00:00,51301,PSEG,46.008148,44.62,-1.300304,2.688452,PS,PS,5669.369,True
2025-01-04 20:00:00,2025-01-05 01:00:00+00:00,51301,PSEG,42.996165,43.69,-2.973216,2.279381,PS,PS,5608.315,True
2025-01-04 21:00:00,2025-01-05 02:00:00+00:00,51301,PSEG,43.827413,43.26,-1.540212,2.107625,PS,PS,5554.662,True
2025-01-04 22:00:00,2025-01-05 03:00:00+00:00,51301,PSEG,44.829305,42.44,0.256313,2.132992,PS,PS,5328.79,True
2025-01-04 23:00:00,2025-01-05 04:00:00+00:00,51301,PSEG,41.034048,39.9,-0.927774,2.061822,PS,PS,5114.268,True
2025-01-05 00:00:00,2025-01-05 05:00:00+00:00,51301,PSEG,40.721809,38.63,0.900955,1.190854,PS,PS,4996.775,True
2025-01-05 01:00:00,2025-01-05 06:00:00+00:00,51301,PSEG,38.693648,36.86,0.854205,0.979443,PS,PS,4859.83,True
2025-01-05 02:00:00,2025-01-05 07:00:00+00:00,51301,PSEG,37.17505,35.52,0.650413,1.004637,PS,PS,4729.012,True
2025-01-05 03:00:00,2025-01-05 08:00:00+00:00,51301,PSEG,37.483766,36.59,0.102846,0.79092,PS,PS,4669.064,True
2025-01-05 04:00:00,2025-01-05 09:00:00+00:00,51301,PSEG,37.462982,36.8,-0.014813,0.677795,PS,PS,4647.814,True
2025-01-05 05:00:00,2025-01-05 10:00:00+00:00,51301,PSEG,38.154384,37.97,-0.538326,0.72271,PS,PS,4696.605,True
2025-01-05 06:00:00,2025-01-05 11:00:00+00:00,51301,PSEG,40.654433,41.6,-1.573545,0.627978,PS,PS,4792.986,True
2025-01-05 07:00:00,2025-01-05 12:00:00+00:00,51301,PSEG,48.901266,49.71,-1.910424,1.10169,PS,PS,4865.265,True
2025-01-05 08:00:00,2025-01-05 13:00:00+00:00,51301,PSEG,42.749542,42.17,-0.474015,1.053557,PS,PS,4794.581,True
2025-01-05 09:00:00,2025-01-05 14:00:00+00:00,51301,PSEG,34.650077,33.54,0.228374,0.881703,PS,PS,4701.162,True
2025-01-05 10:00:00,2025-01-05 15:00:00+00:00,51301,PSEG,35.100995,33.57,0.363352,1.167643,PS,PS,4586.992,True
2025-01-05 11:00:00,2025-01-05 16:00:00+00:00,51301,PSEG,34.931338,33.39,0.336152,1.205186,PS,PS,4544.49,True
2025-01-05 12:00:00,2025-01-05 17:00:00+00:00,51301,PSEG,35.09438,32.98,0.747744,1.366636,PS,PS,4486.892,True
2025-01-05 13:00:00,2025-01-05 18:00:00+00:00,51301,PSEG,34.633428,32.36,0.906897,1.366531,PS,PS,4566.275,True
2025-01-05 14:00:00,2025-01-05 19:00:00+00:00,51301,PSEG,35.200073,32.21,0.94679,2.043283,PS,PS,4739.18,True
2025-01-05 15:00:00,2025-01-05 20:00:00+00:00,51301,PSEG,34.51015,32.15,0.866148,1.494002,PS,PS,5070.371,True
2025-01-05 16:00:00,2025-01-05 21:00:00+00:00,51301,PSEG,39.397508,35.9,1.411391,2.086117,PS,PS,5437.447,True
2025-01-05 17:00:00,2025-01-05 22:00:00+00:00,51301,PSEG,48.285242,43.31,2.459809,2.515433,PS,PS,5772.085,True
2025-01-05 18:00:00,2025-01-05 23:00:00+00:00,51301,PSEG,45.428031,40.89,2.089085,2.448946,PS,PS,5838.617,True
2025-01-05 19:00:00,2025-01-06 00:00:00+00:00,51301,PSEG,43.002102,38.91,1.862968,2.229134,PS,PS,5812.418,True
2025-01-05 20:00:00,2025-01-06 01:00:00+00:00,51301,PSEG,41.575908,37.86,2.097727,1.618181,PS,PS,5738.129,True
2025-01-05 21:00:00,2025-01-06 02:00:00+00:00,51301,PSEG,38.197307,34.78,1.871303,1.546004,PS,PS,5614.922,True
2025-01-05 22:00:00,2025-01-06 03:00:00+00:00,51301,PSEG,36.441408,33.44,1.37128,1.630128,PS,PS,5243.315,True
2025-01-05 23:00:00,2025-01-06 04:00:00+00:00,51301,PSEG,34.078687,31.11,1.406686,1.562001,PS,PS,4958.032,True
2025-01-06 00:00:00,2025-01-06 05:00:00+00:00,51301,PSEG,35.798533,32.26,2.179368,1.359165,PS,PS,4758.916,True
2025-01-06 01:00:00,2025-01-06 06:00:00+00:00,51301,PSEG,35.324516,32.08,2.071206,1.17331,PS,PS,4628.355,True
2025-01-06 02:00:00,2025-01-06 07:00:00+00:00,51301,PSEG,34.134119,31.03,2.190616,0.913503,PS,PS,4552.229,True
2025-01-06 03:00:00,2025-01-06 08:00:00+00:00,51301,PSEG,34.639338,31.51,2.221712,0.907626,PS,PS,4522.81,True
2025-01-06 04:00:00,2025-01-06 09:00:00+00:00,51301,PSEG,34.95369,32.17,1.980594,0.803096,PS,PS,4591.441,True
2025-01-06 05:00:00,2025-01-06 10:00:00+00:00,51301,PSEG,40.092212,37.46,1.649681,0.982531,PS,PS,4808.649,True
2025-01-06 06:00:00,2025-01-06 11:00:00+00:00,51301,PSEG,49.827294,47.95,0.600981,1.276313,PS,PS,5163.488,True
2025-01-06 07:00:00,2025-01-06 12:00:00+00:00,51301,PSEG,58.040123,54.3,2.354543,1.38558,PS,PS,5526.427,True
2025-01-06 08:00:00,2025-01-06 13:00:00+00:00,51301,PSEG,58.265621,53.74,3.03466,1.490961,PS,PS,5716.284,True
2025-01-06 09:00:00,2025-01-06 14:00:00+00:00,51301,PSEG,60.103859,54.01,4.717868,1.375991,PS,PS,5960.595,True
2025-01-06 10:00:00,2025-01-06 15:00:00+00:00,51301,PSEG,66.968581,56.31,8.46459,2.193991,PS,PS,6009.51,True
2025-01-06 11:00:00,2025-01-06 16:00:00+00:00,51301,PSEG,63.594026,53.84,7.613125,2.140901,PS,PS,6052.426,True
2025-01-06 12:00:00,2025-01-06 17:00:00+00:00,51301,PSEG,60.943189,52.46,6.417302,2.065887,PS,PS,6066.551,True
2025-01-06 13:00:00,2025-01-06 18:00:00+00:00,51301,PSEG,58.3656,48.52,7.873556,1.972044,PS,PS,6040.905,True
2025-01-06 14:00:00,2025-01-06 19:00:00+00:00,51301,PSEG,54.463821,47.1,5.513297,1.850524,PS,PS,5936.545,True
2025-01-06 15:00:00,2025-01-06 20:00:00+00:00,51301,PSEG,49.159896,45.25,2.319036,1.59086,PS,PS,5939.603,True
2025-01-06 16:00:00,2025-01-06 21:00:00+00:00,51301,PSEG,55.633992,47.31,6.367596,1.956396,PS,PS,6067.206,True
2025-01-06 17:00:00,2025-01-06 22:00:00+00:00,51301,PSEG,70.295744,61.04,5.519744,3.736,PS,PS,6239.79,True
2025-01-06 18:00:00,2025-01-06 23:00:00+00:00,51301,PSEG,58.770577,55.1,0.731196,2.939381,PS,PS,6169.784,True
2025-01-06 19:00:00,2025-01-07 00:00:00+00:00,51301,PSEG,55.581109,53.11,-0.387905,2.859014,PS,PS,6028.03,True
2025-01-06 20:00:00,2025-01-07 01:00:00+00:00,51301,PSEG,55.836407,51.98,1.085394,2.771013,PS,PS,5926.679,True
2025-01-06 21:00:00,2025-01-07 02:00:00+00:00,51301,PSEG,49.576432,45.82,1.592033,2.164399,PS,PS,5777.254,True
2025-01-06 22:00:00,2025-01-07 03:00:00+00:00,51301,PSEG,44.725126,42.07,0.592469,2.062657,PS,PS,5504.942,True
2025-01-06 23:00:00,2025-01-07 04:00:00+00:00,51301,PSEG,41.714402,39.48,0.217991,2.016411,PS,PS,5254.434,True
2025-01-07 00:00:00,2025-01-07 05:00:00+00:00,51301,PSEG,44.048234,41.8,0.473616,1.774618,PS,PS,5107.808,True
2025-01-07 01:00:00,2025-01-07 06:00:00+00:00,51301,PSEG,43.585744,41.63,0.269773,1.685971,PS,PS,5007.008,True
2025-01-07 02:00:00,2025-01-07 07:00:00+00:00,51301,PSEG,43.40358,41.76,0.303123,1.340457,PS,PS,4940.795,True
2025-01-07 03:00:00,2025-01-07 08:00:00+00:00,51301,PSEG,42.516788,40.97,0.308678,1.23811,PS,PS,4919.613,True
2025-01-07 04:00:00,2025-01-07 09:00:00+00:00,51301,PSEG,44.626362,42.89,0.314566,1.421796,PS,PS,4984.134,True
2025-01-07 05:00:00,2025-01-07 10:00:00+00:00,51301,PSEG,52.651803,51.33,-0.308985,1.630788,PS,PS,5193.324,True
2025-01-07 06:00:00,2025-01-07 11:00:00+00:00,51301,PSEG,67.229608,70.24,-5.047951,2.037559,PS,PS,5610.978,True
2025-01-07 07:00:00,2025-01-07 12:00:00+00:00,51301,PSEG,95.932138,98.83,-6.399261,3.501399,PS,PS,6010.682,True
2025-01-07 08:00:00,2025-01-07 13:00:00+00:00,51301,PSEG,68.066435,66.69,-1.033095,2.40953,PS,PS,6038.063,True
2025-01-07 09:00:00,2025-01-07 14:00:00+00:00,51301,PSEG,56.957904,53.41,0.938131,2.609773,PS,PS,5936.965,True
2025-01-07 10:00:00,2025-01-07 15:00:00+00:00,51301,PSEG,72.430937,60.74,7.320087,4.37085,PS,PS,5702.488,True
2025-01-07 11:00:00,2025-01-07 16:00:00+00:00,51301,PSEG,65.069049,52.98,8.153871,3.935178,PS,PS,5506.2,True
2025-01-07 12:00:00,2025-01-07 17:00:00+00:00,51301,PSEG,62.930111,51.67,7.499465,3.760646,PS,PS,5344.477,True
2025-01-07 13:00:00,2025-01-07 18:00:00+00:00,51301,PSEG,60.648405,48.9,8.071054,3.677351,PS,PS,5285.446,True
2025-01-07 14:00:00,2025-01-07 19:00:00+00:00,51301,PSEG,54.589101,46.55,4.694911,3.34419,PS,PS,5375.741,True
2025-01-07 15:00:00,2025-01-07 20:00:00+00:00,51301,PSEG,57.38457,47.77,6.544057,3.070513,PS,PS,5604.438,True
2025-01-07 16:00:00,2025-01-07 21:00:00+00:00,51301,PSEG,64.726389,55.1,6.179166,3.447223,PS,PS,5947.354,True
2025-01-07 17:00:00,2025-01-07 22:00:00+00:00,51301,PSEG,83.608055,76.47,2.515784,4.622271,PS,PS,6323.537,True
2025-01-07 18:00:00,2025-01-07 23:00:00+00:00,51301,PSEG,77.730743,73.85,0.616676,3.264067,PS,PS,6303.238,True
2025-01-07 19:00:00,2025-01-08 00:00:00+00:00,51301,PSEG,70.321519,67.4,0.25654,2.664979,PS,PS,6240.295,True
2025-01-07 20:00:00,2025-01-08 01:00:00+00:00,51301,PSEG,67.82355,65.19,0.060637,2.572913,PS,PS,6143.737,True
2025-01-07 21:00:00,2025-01-08 02:00:00+00:00,51301,PSEG,63.690934,59.27,1.566902,2.854032,PS,PS,5987.587,True
2025-01-07 22:00:00,2025-01-08 03:00:00+00:00,51301,PSEG,62.237882,55.57,4.377976,2.289906,PS,PS,5647.133,True
2025-01-07 23:00:00,2025-01-08 04:00:00+00:00,51301,PSEG,55.286418,51.91,1.1032,2.273218,PS,PS,5352.395,True
2025-01-08 00:00:00,2025-01-08 05:00:00+00:00,51301,PSEG,56.878219,52.73,1.683978,2.464241,PS,PS,5118.89,True
2025-01-08 01:00:00,2025-01-08 06:00:00+00:00,51301,PSEG,54.903951,51.31,1.739265,1.854686,PS,PS,4998.579,True
2025-01-08 02:00:00,2025-01-08 07:00:00+00:00,51301,PSEG,54.661683,51.4,1.508241,1.753442,PS,PS,4907.471,True
2025-01-08 03:00:00,2025-01-08 08:00:00+00:00,51301,PSEG,54.602873,51.2,1.434494,1.968379,PS,PS,4867.309,True
2025-01-08 04:00:00,2025-01-08 09:00:00+00:00,51301,PSEG,56.199402,52.83,1.515384,1.854018,PS,PS,4945.006,True
2025-01-08 05:00:00,2025-01-08 10:00:00+00:00,51301,PSEG,63.506755,59.61,2.461021,1.435734,PS,PS,5158.522,True
2025-01-08 06:00:00,2025-01-08 11:00:00+00:00,51301,PSEG,87.242958,83.98,1.193735,2.069223,PS,PS,5607.3,True
2025-01-08 07:00:00,2025-01-08 12:00:00+00:00,51301,PSEG,130.035157,123.94,4.948081,1.147076,PS,PS,5955.824,True
2025-01-08 08:00:00,2025-01-08 13:00:00+00:00,51301,PSEG,78.925484,74.7,2.943115,1.282369,PS,PS,5791.591,True
2025-01-08 09:00:00,2025-01-08 14:00:00+00:00,51301,PSEG,70.688965,62.73,5.789032,2.169933,PS,PS,5602.26,True
2025-01-08 10:00:00,2025-01-08 15:00:00+00:00,51301,PSEG,81.022034,67.5,9.897146,3.624888,PS,PS,5409.178,True
2025-01-08 11:00:00,2025-01-08 16:00:00+00:00,51301,PSEG,71.320007,59.97,7.741279,3.608728,PS,PS,5247.685,True
2025-01-08 12:00:00,2025-01-08 17:00:00+00:00,51301,PSEG,67.268683,54.3,9.613634,3.355049,PS,PS,5180.804,True
2025-01-08 13:00:00,2025-01-08 18:00:00+00:00,51301,PSEG,64.888571,51.77,9.843144,3.275427,PS,PS,5205.369,True
2025-01-08 14:00:00,2025-01-08 19:00:00+00:00,51301,PSEG,62.771073,50.15,9.497966,3.123107,PS,PS,5375.284,True
2025-01-08 15:00:00,2025-01-08 20:00:00+00:00,51301,PSEG,65.47281,51.66,10.368902,3.443908,PS,PS,5657.712,True
2025-01-08 16:00:00,2025-01-08 21:00:00+00:00,51301,PSEG,83.231309,61.0,18.164359,4.06695,PS,PS,6048.139,True
2025-01-08 17:00:00,2025-01-08 22:00:00+00:00,51301,PSEG,116.353394,88.23,22.689958,5.433436,PS,PS,6500.098,True
2025-01-08 18:00:00,2025-01-08 23:00:00+00:00,51301,PSEG,92.106868,78.64,9.750502,3.716366,PS,PS,6547.35,True
2025-01-08 19:00:00,2025-01-09 00:00:00+00:00,51301,PSEG,83.659708,73.38,6.820021,3.459687,PS,PS,6491.024,True
2025-01-08 20:00:00,2025-01-09 01:00:00+00:00,51301,PSEG,81.328771,72.29,5.891648,3.147123,PS,PS,6321.999,True
2025-01-08 21:00:00,2025-01-09 02:00:00+00:00,51301,PSEG,75.928435,66.68,6.083958,3.164477,PS,PS,6120.819,True
2025-01-08 22:00:00,2025-01-09 03:00:00+00:00,51301,PSEG,71.156924,63.3,4.249823,3.607101,PS,PS,5809.514,True
2025-01-08 23:00:00,2025-01-09 04:00:00+00:00,51301,PSEG,66.637156,60.69,1.651696,4.29546,PS,PS,5518.82,True
2025-01-09 00:00:00,2025-01-09 05:00:00+00:00,51301,PSEG,66.694283,60.95,1.659568,4.084715,PS,PS,5295.769,True
2025-01-09 01:00:00,2025-01-09 06:00:00+00:00,51301,PSEG,63.266441,57.88,1.925177,3.461264,PS,PS,5147.202,True
2025-01-09 02:00:00,2025-01-09 07:00:00+00:00,51301,PSEG,63.060565,57.8,1.944953,3.315612,PS,PS,5062.42,True
2025-01-09 03:00:00,2025-01-09 08:00:00+00:00,51301,PSEG,63.580868,58.49,1.768734,3.322134,PS,PS,5027.15,True
2025-01-09 04:00:00,2025-01-09 09:00:00+00:00,51301,PSEG,66.052557,62.39,0.66044,3.002117,PS,PS,5098.788,True
2025-01-09 05:00:00,2025-01-09 10:00:00+00:00,51301,PSEG,71.522408,67.38,0.752824,3.389584,PS,PS,5314.332,True
2025-01-09 06:00:00,2025-01-09 11:00:00+00:00,51301,PSEG,92.88787,94.87,-7.682533,5.700403,PS,PS,5743.147,True
2025-01-09 07:00:00,2025-01-09 12:00:00+00:00,51301,PSEG,124.61842,134.97,-16.961513,6.609933,PS,PS,6117.637,True
2025-01-09 08:00:00,2025-01-09 13:00:00+00:00,51301,PSEG,90.095566,88.63,-3.621891,5.087457,PS,PS,5992.518,True
2025-01-09 09:00:00,2025-01-09 14:00:00+00:00,51301,PSEG,68.710168,62.12,2.220141,4.370027,PS,PS,5657.127,True
2025-01-09 10:00:00,2025-01-09 15:00:00+00:00,51301,PSEG,57.183436,52.05,0.804792,4.328644,PS,PS,5369.824,True
2025-01-09 11:00:00,2025-01-09 16:00:00+00:00,51301,PSEG,55.4175,49.49,1.830366,4.097134,PS,PS,5180.615,True
2025-01-09 12:00:00,2025-01-09 17:00:00+00:00,51301,PSEG,50.397403,45.88,0.60517,3.912233,PS,PS,5114.885,True
2025-01-09 13:00:00,2025-01-09 18:00:00+00:00,51301,PSEG,43.601267,41.08,-1.029128,3.550395,PS,PS,5174.19,True
2025-01-09 14:00:00,2025-01-09 19:00:00+00:00,51301,PSEG,42.322786,40.22,-1.376775,3.479561,PS,PS,5438.414,True
2025-01-09 15:00:00,2025-01-09 20:00:00+00:00,51301,PSEG,46.276775,43.43,-0.988383,3.835158,PS,PS,5705.392,True
2025-01-09 16:00:00,2025-01-09 21:00:00+00:00,51301,PSEG,58.623073,53.03,0.947833,4.64524,PS,PS,5949.586,True
2025-01-09 17:00:00,2025-01-09 22:00:00+00:00,51301,PSEG,80.509915,73.49,0.972188,6.047727,PS,PS,6262.869,True
2025-01-09 18:00:00,2025-01-09 23:00:00+00:00,51301,PSEG,66.998046,63.67,-1.572032,4.900078,PS,PS,6389.544,True
2025-01-09 19:00:00,2025-01-10 00:00:00+00:00,51301,PSEG,64.071613,63.27,-3.929177,4.73079,PS,PS,6229.637,True
2025-01-09 20:00:00,2025-01-10 01:00:00+00:00,51301,PSEG,59.071908,61.08,-6.447285,4.439193,PS,PS,6086.501,True
2025-01-09 21:00:00,2025-01-10 02:00:00+00:00,51301,PSEG,59.810321,59.2,-3.679198,4.289519,PS,PS,5926.501,True
2025-01-09 22:00:00,2025-01-10 03:00:00+00:00,51301,PSEG,59.580668,56.76,-1.633323,4.453991,PS,PS,5638.129,True
2025-01-09 23:00:00,2025-01-10 04:00:00+00:00,51301,PSEG,57.738795,53.31,0.227594,4.201201,PS,PS,5360.531,True
2025-01-10 00:00:00,2025-01-10 05:00:00+00:00,51301,PSEG,57.081567,53.85,-0.383211,3.614778,PS,PS,5158.826,True
2025-01-10 01:00:00,2025-01-10 06:00:00+00:00,51301,PSEG,53.575618,51.83,-1.363457,3.109075,PS,PS,5001.445,True
2025-01-10 02:00:00,2025-01-10 07:00:00+00:00,51301,PSEG,54.201597,52.98,-1.811235,3.032832,PS,PS,4911.116,True
2025-01-10 03:00:00,2025-01-10 08:00:00+00:00,51301,PSEG,55.176999,53.26,-1.108283,3.025282,PS,PS,4853.308,True
2025-01-10 04:00:00,2025-01-10 09:00:00+00:00,51301,PSEG,56.457161,54.13,-0.278542,2.605703,PS,PS,4940.657,True
2025-01-10 05:00:00,2025-01-10 10:00:00+00:00,51301,PSEG,59.117025,56.95,-0.706771,2.873796,PS,PS,5147.907,True
2025-01-10 06:00:00,2025-01-10 11:00:00+00:00,51301,PSEG,77.065297,83.72,-11.68324,5.028537,PS,PS,5489.462,True
2025-01-10 07:00:00,2025-01-10 12:00:00+00:00,51301,PSEG,98.917913,106.63,-12.935348,5.223261,PS,PS,5846.61,True
2025-01-10 08:00:00,2025-01-10 13:00:00+00:00,51301,PSEG,67.22908,66.74,-3.350155,3.839235,PS,PS,5695.752,True
2025-01-10 09:00:00,2025-01-10 14:00:00+00:00,51301,PSEG,61.338955,57.59,-0.286989,4.035944,PS,PS,5409.433,True
2025-01-10 10:00:00,2025-01-10 15:00:00+00:00,51301,PSEG,49.513332,47.31,-1.697641,3.900973,PS,PS,5140.337,True
2025-01-10 11:00:00,2025-01-10 16:00:00+00:00,51301,PSEG,47.635884,45.6,-1.717158,3.753042,PS,PS,4940.536,True
2025-01-10 12:00:00,2025-01-10 17:00:00+00:00,51301,PSEG,45.165973,43.08,-1.569856,3.655829,PS,PS,4896.256,True
2025-01-10 13:00:00,2025-01-10 18:00:00+00:00,51301,PSEG,44.921576,42.51,-1.258461,3.670037,PS,PS,5089.494,True
2025-01-10 14:00:00,2025-01-10 19:00:00+00:00,51301,PSEG,45.10031,43.03,-1.638492,3.708802,PS,PS,5278.676,True
2025-01-10 15:00:00,2025-01-10 20:00:00+00:00,51301,PSEG,46.17138,43.69,-1.367958,3.849338,PS,PS,5389.554,True
2025-01-10 16:00:00,2025-01-10 21:00:00+00:00,51301,PSEG,49.122188,47.09,-2.081205,4.113393,PS,PS,5577.533,True
2025-01-10 17:00:00,2025-01-10 22:00:00+00:00,51301,PSEG,60.667838,56.79,-0.793513,4.671351,PS,PS,5865.806,True
2025-01-10 18:00:00,2025-01-10 23:00:00+00:00,51301,PSEG,49.615553,48.97,-3.128078,3.773631,PS,PS,5917.466,True
2025-01-10 19:00:00,2025-01-11 00:00:00+00:00,51301,PSEG,46.382808,44.62,-1.570152,3.33296,PS,PS,5742.148,True
2025-01-10 20:00:00,2025-01-11 01:00:00+00:00,51301,PSEG,45.183359,42.75,-0.674388,3.107747,PS,PS,5594.446,True
2025-01-10 21:00:00,2025-01-11 02:00:00+00:00,51301,PSEG,43.677647,41.66,-0.996556,3.014203,PS,PS,5439.954,True
2025-01-10 22:00:00,2025-01-11 03:00:00+00:00,51301,PSEG,43.186953,40.77,-0.78028,3.197233,PS,PS,5214.6,True
2025-01-10 23:00:00,2025-01-11 04:00:00+00:00,51301,PSEG,41.716847,38.75,-0.090058,3.056905,PS,PS,4963.192,True
2025-01-11 00:00:00,2025-01-11 05:00:00+00:00,51301,PSEG,46.752026,43.6,1.186164,1.965862,PS,PS,4753.178,True
2025-01-11 01:00:00,2025-01-11 06:00:00+00:00,51301,PSEG,42.723311,40.22,0.990344,1.512967,PS,PS,4595.236,True
2025-01-11 02:00:00,2025-01-11 07:00:00+00:00,51301,PSEG,40.513397,38.48,0.995448,1.037949,PS,PS,4501.822,True
2025-01-11 03:00:00,2025-01-11 08:00:00+00:00,51301,PSEG,40.300375,38.42,1.017036,0.863339,PS,PS,4457.409,True
2025-01-11 04:00:00,2025-01-11 09:00:00+00:00,51301,PSEG,39.932606,37.93,1.070678,0.931928,PS,PS,4474.345,True
2025-01-11 05:00:00,2025-01-11 10:00:00+00:00,51301,PSEG,40.773558,38.33,0.98284,1.460718,PS,PS,4566.119,True
2025-01-11 06:00:00,2025-01-11 11:00:00+00:00,51301,PSEG,43.406667,41.11,1.024175,1.272492,PS,PS,4772.811,True
2025-01-11 07:00:00,2025-01-11 12:00:00+00:00,51301,PSEG,48.254729,46.36,0.868783,1.025946,PS,PS,4959.887,True
2025-01-11 08:00:00,2025-01-11 13:00:00+00:00,51301,PSEG,51.69458,49.67,0.81738,1.2072,PS,PS,4978.804,True
2025-01-11 09:00:00,2025-01-11 14:00:00+00:00,51301,PSEG,50.913153,48.49,1.000389,1.422764,PS,PS,5063.809,True
2025-01-11 10:00:00,2025-01-11 15:00:00+00:00,51301,PSEG,50.637649,47.97,1.008619,1.65903,PS,PS,5009.108,True
2025-01-11 11:00:00,2025-01-11 16:00:00+00:00,51301,PSEG,46.645997,44.4,0.889683,1.356314,PS,PS,4840.93,True
2025-01-11 12:00:00,2025-01-11 17:00:00+00:00,51301,PSEG,42.604365,40.13,1.246328,1.228037,PS,PS,4827.563,True
2025-01-11 13:00:00,2025-01-11 18:00:00+00:00,51301,PSEG,40.575468,38.28,0.972268,1.3232,PS,PS,4767.014,True
2025-01-11 14:00:00,2025-01-11 19:00:00+00:00,51301,PSEG,40.06791,37.7,1.05702,1.31089,PS,PS,4858.259,True
2025-01-11 15:00:00,2025-01-11 20:00:00+00:00,51301,PSEG,40.188555,38.04,0.844434,1.304121,PS,PS,5034.73,True
2025-01-11 16:00:00,2025-01-11 21:00:00+00:00,51301,PSEG,45.944272,43.49,1.31808,1.136192,PS,PS,5260.547,True
2025-01-11 17:00:00,2025-01-11 22:00:00+00:00,51301,PSEG,56.874056,53.42,1.921289,1.532767,PS,PS,5546.478,True
2025-01-11 18:00:00,2025-01-11 23:00:00+00:00,51301,PSEG,51.791015,49.14,1.792484,0.858531,PS,PS,5673.29,True
2025-01-11 19:00:00,2025-01-12 00:00:00+00:00,51301,PSEG,50.25927,47.53,1.848684,0.880586,PS,PS,5678.096,True
2025-01-11 20:00:00,2025-01-12 01:00:00+00:00,51301,PSEG,48.586433,45.88,2.034274,0.672159,PS,PS,5596.405,True
2025-01-11 21:00:00,2025-01-12 02:00:00+00:00,51301,PSEG,47.360277,44.48,1.988036,0.892241,PS,PS,5504.376,True
2025-01-11 22:00:00,2025-01-12 03:00:00+00:00,51301,PSEG,46.182788,42.71,2.102601,1.370187,PS,PS,5231.632,True
2025-01-11 23:00:00,2025-01-12 04:00:00+00:00,51301,PSEG,44.040323,40.24,2.001457,1.798866,PS,PS,4990.161,True
2025-01-12 00:00:00,2025-01-12 05:00:00+00:00,51301,PSEG,50.118034,47.02,1.355309,1.742725,PS,PS,4799.817,True
2025-01-12 01:00:00,2025-01-12 06:00:00+00:00,51301,PSEG,46.518984,43.23,1.927547,1.361437,PS,PS,4650.707,True
2025-01-12 02:00:00,2025-01-12 07:00:00+00:00,51301,PSEG,45.719294,43.1,1.479334,1.13996,PS,PS,4519.968,True
2025-01-12 03:00:00,2025-01-12 08:00:00+00:00,51301,PSEG,45.676986,43.29,1.343749,1.043237,PS,PS,4442.945,True
2025-01-12 04:00:00,2025-01-12 09:00:00+00:00,51301,PSEG,44.998742,42.49,1.270575,1.238167,PS,PS,4405.293,True
2025-01-12 05:00:00,2025-01-12 10:00:00+00:00,51301,PSEG,45.195377,41.98,1.811196,1.404181,PS,PS,4453.525,True
2025-01-12 06:00:00,2025-01-12 11:00:00+00:00,51301,PSEG,48.282115,46.01,0.579005,1.69311,PS,PS,4622.019,True
2025-01-12 07:00:00,2025-01-12 12:00:00+00:00,51301,PSEG,50.121039,51.97,-3.549417,1.700456,PS,PS,4735.184,True
2025-01-12 08:00:00,2025-01-12 13:00:00+00:00,51301,PSEG,49.22712,45.88,1.785764,1.561356,PS,PS,4572.391,True
2025-01-12 09:00:00,2025-01-12 14:00:00+00:00,51301,PSEG,38.180636,35.36,1.276939,1.543697,PS,PS,4341.094,True
2025-01-12 10:00:00,2025-01-12 15:00:00+00:00,51301,PSEG,35.152781,32.71,0.423403,2.019378,PS,PS,4140.46,True
2025-01-12 11:00:00,2025-01-12 16:00:00+00:00,51301,PSEG,34.075047,32.05,-0.0103,2.035347,PS,PS,4033.619,True
2025-01-12 12:00:00,2025-01-12 17:00:00+00:00,51301,PSEG,32.866342,30.92,0.070611,1.875731,PS,PS,4016.075,True
2025-01-12 13:00:00,2025-01-12 18:00:00+00:00,51301,PSEG,31.564224,29.91,0.118293,1.535931,PS,PS,4178.475,True
2025-01-12 14:00:00,2025-01-12 19:00:00+00:00,51301,PSEG,31.771192,30.15,0.169161,1.452031,PS,PS,4452.494,True
2025-01-12 15:00:00,2025-01-12 20:00:00+00:00,51301,PSEG,32.892681,31.49,0.090963,1.311718,PS,PS,4685.522,True
2025-01-12 16:00:00,2025-01-12 21:00:00+00:00,51301,PSEG,40.822333,38.57,0.490972,1.761361,PS,PS,4998.381,True
2025-01-12 17:00:00,2025-01-12 22:00:00+00:00,51301,PSEG,56.641767,51.97,2.184669,2.487098,PS,PS,5330.629,True
2025-01-12 18:00:00,2025-01-12 23:00:00+00:00,51301,PSEG,53.352931,49.93,1.872679,1.550252,PS,PS,5456.156,True
2025-01-12 19:00:00,2025-01-13 00:00:00+00:00,51301,PSEG,51.480588,48.56,1.493917,1.426671,PS,PS,5341.861,True
2025-01-12 20:00:00,2025-01-13 01:00:00+00:00,51301,PSEG,50.663556,47.39,2.048308,1.225248,PS,PS,5262.816,True
2025-01-12 21:00:00,2025-01-13 02:00:00+00:00,51301,PSEG,46.778614,43.8,1.849809,1.128805,PS,PS,5109.556,True
2025-01-12 22:00:00,2025-01-13 03:00:00+00:00,51301,PSEG,45.082598,41.78,1.923563,1.379035,PS,PS,4889.41,True
2025-01-12 23:00:00,2025-01-13 04:00:00+00:00,51301,PSEG,43.487909,40.41,1.745776,1.332133,PS,PS,4639.208,True
2025-01-13 00:00:00,2025-01-13 05:00:00+00:00,51301,PSEG,39.29886,36.36,1.462746,1.476114,PS,PS,4444.118,True
2025-01-13 01:00:00,2025-01-13 06:00:00+00:00,51301,PSEG,37.72586,35.28,1.159023,1.286837,PS,PS,4324.378,True
2025-01-13 02:00:00,2025-01-13 07:00:00+00:00,51301,PSEG,37.317749,35.25,1.075173,0.992576,PS,PS,4276.074,True
2025-01-13 03:00:00,2025-01-13 08:00:00+00:00,51301,PSEG,36.879226,35.14,0.737372,1.001854,PS,PS,4280.044,True
2025-01-13 04:00:00,2025-01-13 09:00:00+00:00,51301,PSEG,38.379949,37.0,0.38569,0.994259,PS,PS,4388.515,True
2025-01-13 05:00:00,2025-01-13 10:00:00+00:00,51301,PSEG,42.297756,42.17,-1.068725,1.196481,PS,PS,4655.33,True
2025-01-13 06:00:00,2025-01-13 11:00:00+00:00,51301,PSEG,64.452034,63.77,-1.309354,1.991388,PS,PS,5113.531,True
2025-01-13 07:00:00,2025-01-13 12:00:00+00:00,51301,PSEG,78.667123,76.56,0.47635,1.630773,PS,PS,5459.945,True
2025-01-13 08:00:00,2025-01-13 13:00:00+00:00,51301,PSEG,54.917944,54.75,-0.957293,1.125237,PS,PS,5364.119,True
2025-01-13 09:00:00,2025-01-13 14:00:00+00:00,51301,PSEG,43.579184,41.3,1.221247,1.057937,PS,PS,5442.773,True
2025-01-13 10:00:00,2025-01-13 15:00:00+00:00,51301,PSEG,42.495496,40.26,1.053141,1.182355,PS,PS,5380.684,True
2025-01-13 11:00:00,2025-01-13 16:00:00+00:00,51301,PSEG,39.251149,37.02,0.987057,1.244092,PS,PS,5353.032,True
2025-01-13 12:00:00,2025-01-13 17:00:00+00:00,51301,PSEG,37.299584,34.86,1.062718,1.376866,PS,PS,5297.872,True
2025-01-13 13:00:00,2025-01-13 18:00:00+00:00,51301,PSEG,35.281609,32.92,0.982993,1.378616,PS,PS,5419.356,True
2025-01-13 14:00:00,2025-01-13 19:00:00+00:00,51301,PSEG,34.792096,32.35,0.982456,1.45964,PS,PS,5178.42,True
2025-01-13 15:00:00,2025-01-13 20:00:00+00:00,51301,PSEG,34.961024,32.67,0.882722,1.408302,PS,PS,5226.97,True
2025-01-13 16:00:00,2025-01-13 21:00:00+00:00,51301,PSEG,41.916237,39.23,1.377701,1.308536,PS,PS,5482.375,True
2025-01-13 17:00:00,2025-01-13 22:00:00+00:00,51301,PSEG,62.289892,57.5,2.194573,2.595319,PS,PS,5737.811,True
2025-01-13 18:00:00,2025-01-13 23:00:00+00:00,51301,PSEG,56.06987,53.57,0.589572,1.910298,PS,PS,5735.534,True
2025-01-13 19:00:00,2025-01-14 00:00:00+00:00,51301,PSEG,53.000606,50.75,0.420979,1.829627,PS,PS,5734.784,True
2025-01-13 20:00:00,2025-01-14 01:00:00+00:00,51301,PSEG,51.300156,49.69,-0.316167,1.926323,PS,PS,5661.68,True
2025-01-13 21:00:00,2025-01-14 02:00:00+00:00,51301,PSEG,46.662531,45.0,0.134476,1.528055,PS,PS,5414.893,True
2025-01-13 22:00:00,2025-01-14 03:00:00+00:00,51301,PSEG,43.602895,41.67,0.125736,1.807159,PS,PS,5166.314,True
2025-01-13 23:00:00,2025-01-14 04:00:00+00:00,51301,PSEG,39.832498,39.17,-0.75786,1.420358,PS,PS,4884.155,True
2025-01-14 00:00:00,2025-01-14 05:00:00+00:00,51301,PSEG,41.310401,40.25,-0.567306,1.627707,PS,PS,4781.109,True
2025-01-14 01:00:00,2025-01-14 06:00:00+00:00,51301,PSEG,43.033696,42.79,-1.01571,1.259406,PS,PS,4664.307,True
2025-01-14 02:00:00,2025-01-14 07:00:00+00:00,51301,PSEG,42.654304,43.3,-1.966582,1.320886,PS,PS,4608.093,True
2025-01-14 03:00:00,2025-01-14 08:00:00+00:00,51301,PSEG,42.755699,43.6,-2.136719,1.292418,PS,PS,4606.735,True
2025-01-14 04:00:00,2025-01-14 09:00:00+00:00,51301,PSEG,48.058977,49.11,-2.30872,1.257697,PS,PS,4712.594,True
2025-01-14 05:00:00,2025-01-14 10:00:00+00:00,51301,PSEG,54.125643,57.62,-4.68789,1.193533,PS,PS,4959.99,True
2025-01-14 06:00:00,2025-01-14 11:00:00+00:00,51301,PSEG,59.718481,69.67,-12.210322,2.258803,PS,PS,5388.981,True
2025-01-14 07:00:00,2025-01-14 12:00:00+00:00,51301,PSEG,88.033135,94.65,-9.533915,2.91705,PS,PS,5674.4,True
2025-01-14 08:00:00,2025-01-14 13:00:00+00:00,51301,PSEG,57.932415,57.34,-0.88846,1.480875,PS,PS,5585.607,True
2025-01-14 09:00:00,2025-01-14 14:00:00+00:00,51301,PSEG,47.625564,45.33,0.69206,1.603504,PS,PS,5311.965,True
2025-01-14 10:00:00,2025-01-14 15:00:00+00:00,51301,PSEG,50.092265,47.14,1.008046,1.944219,PS,PS,5056.482,True
2025-01-14 11:00:00,2025-01-14 16:00:00+00:00,51301,PSEG,47.834693,44.89,1.189469,1.755224,PS,PS,4919.1,True
2025-01-14 12:00:00,2025-01-14 17:00:00+00:00,51301,PSEG,46.196876,43.0,1.365775,1.831101,PS,PS,4857.048,True
2025-01-14 13:00:00,2025-01-14 18:00:00+00:00,51301,PSEG,44.645626,41.68,1.38811,1.577516,PS,PS,4922.504,True
2025-01-14 14:00:00,2025-01-14 19:00:00+00:00,51301,PSEG,44.163456,41.11,1.390687,1.662769,PS,PS,5115.929,True
2025-01-14 15:00:00,2025-01-14 20:00:00+00:00,51301,PSEG,47.072681,43.8,1.452412,1.820269,PS,PS,5486.585,True
2025-01-14 16:00:00,2025-01-14 21:00:00+00:00,51301,PSEG,65.35983,55.34,7.645586,2.374244,PS,PS,5830.171,True
2025-01-14 17:00:00,2025-01-14 22:00:00+00:00,51301,PSEG,103.942595,88.48,11.719329,3.743266,PS,PS,6149.79,True
2025-01-14 18:00:00,2025-01-14 23:00:00+00:00,51301,PSEG,84.499917,72.48,9.910053,2.109864,PS,PS,6175.877,True
2025-01-14 19:00:00,2025-01-15 00:00:00+00:00,51301,PSEG,74.84269,66.44,6.652647,1.750043,PS,PS,6038.615,True
2025-01-14 20:00:00,2025-01-15 01:00:00+00:00,51301,PSEG,69.685641,62.26,6.025875,1.399766,PS,PS,5924.252,True
2025-01-14 21:00:00,2025-01-15 02:00:00+00:00,51301,PSEG,65.793037,59.89,4.445888,1.457149,PS,PS,5773.693,True
2025-01-14 22:00:00,2025-01-15 03:00:00+00:00,51301,PSEG,61.15207,57.4,2.186266,1.565804,PS,PS,5520.973,True
2025-01-14 23:00:00,2025-01-15 04:00:00+00:00,51301,PSEG,55.07477,56.78,-3.15209,1.44686,PS,PS,5255.583,True
2025-01-15 00:00:00,2025-01-15 05:00:00+00:00,51301,PSEG,52.70917,50.63,1.198762,0.880408,PS,PS,5053.497,True
2025-01-15 01:00:00,2025-01-15 06:00:00+00:00,51301,PSEG,52.139026,50.33,1.622791,0.186235,PS,PS,4941.397,True
2025-01-15 02:00:00,2025-01-15 07:00:00+00:00,51301,PSEG,51.432849,49.7,1.619701,0.113148,PS,PS,4878.054,True
2025-01-15 03:00:00,2025-01-15 08:00:00+00:00,51301,PSEG,53.176943,52.15,0.847858,0.179085,PS,PS,4854.833,True
2025-01-15 04:00:00,2025-01-15 09:00:00+00:00,51301,PSEG,53.151321,52.68,0.488143,-0.016822,PS,PS,4937.863,True
2025-01-15 05:00:00,2025-01-15 10:00:00+00:00,51301,PSEG,53.534834,56.26,-2.479181,-0.245985,PS,PS,5156.523,True
2025-01-15 06:00:00,2025-01-15 11:00:00+00:00,51301,PSEG,59.255352,72.16,-12.695541,-0.209107,PS,PS,5553.92,True
2025-01-15 07:00:00,2025-01-15 12:00:00+00:00,51301,PSEG,81.720604,97.31,-15.732053,0.142657,PS,PS,5830.434,True
2025-01-15 08:00:00,2025-01-15 13:00:00+00:00,51301,PSEG,59.466951,64.12,-5.345856,0.692807,PS,PS,5719.067,True
2025-01-15 09:00:00,2025-01-15 14:00:00+00:00,51301,PSEG,56.411625,53.56,1.935521,0.916104,PS,PS,5461.896,True
2025-01-15 10:00:00,2025-01-15 15:00:00+00:00,51301,PSEG,58.011604,53.62,1.691607,2.699997,PS,PS,5178.12,True
2025-01-15 11:00:00,2025-01-15 16:00:00+00:00,51301,PSEG,53.654643,49.04,1.96358,2.651063,PS,PS,5084.421,True
2025-01-15 12:00:00,2025-01-15 17:00:00+00:00,51301,PSEG,48.891277,44.5,1.931724,2.459553,PS,PS,4986.418,True
2025-01-15 13:00:00,2025-01-15 18:00:00+00:00,51301,PSEG,46.429293,42.17,1.811211,2.448082,PS,PS,5023.65,True
2025-01-15 14:00:00,2025-01-15 19:00:00+00:00,51301,PSEG,45.676647,41.13,1.99551,2.551137,PS,PS,5158.237,True
2025-01-15 15:00:00,2025-01-15 20:00:00+00:00,51301,PSEG,49.673589,44.21,2.631497,2.832092,PS,PS,5453.665,True
2025-01-15 16:00:00,2025-01-15 21:00:00+00:00,51301,PSEG,66.127938,55.61,6.534698,3.98324,PS,PS,5816.394,True
2025-01-15 17:00:00,2025-01-15 22:00:00+00:00,51301,PSEG,105.982783,86.8,13.828211,5.354572,PS,PS,6122.795,True
2025-01-15 18:00:00,2025-01-15 23:00:00+00:00,51301,PSEG,76.551383,66.95,6.813093,2.78829,PS,PS,6160.379,True
2025-01-15 19:00:00,2025-01-16 00:00:00+00:00,51301,PSEG,68.675597,61.84,4.522561,2.313036,PS,PS,6111.356,True
2025-01-15 20:00:00,2025-01-16 01:00:00+00:00,51301,PSEG,66.514956,59.6,4.67102,2.243936,PS,PS,5985.154,True
2025-01-15 21:00:00,2025-01-16 02:00:00+00:00,51301,PSEG,67.662904,58.56,7.501411,1.601493,PS,PS,5823.434,True
2025-01-15 22:00:00,2025-01-16 03:00:00+00:00,51301,PSEG,64.682949,57.54,5.035722,2.107227,PS,PS,5518.673,True
2025-01-15 23:00:00,2025-01-16 04:00:00+00:00,51301,PSEG,60.212271,53.58,4.781733,1.850538,PS,PS,5229.655,True
2025-01-16 00:00:00,2025-01-16 05:00:00+00:00,51301,PSEG,61.035344,58.94,-0.018286,2.11363,PS,PS,4999.039,True
2025-01-16 01:00:00,2025-01-16 06:00:00+00:00,51301,PSEG,57.008632,56.0,-0.858557,1.867189,PS,PS,4885.75,True
2025-01-16 02:00:00,2025-01-16 07:00:00+00:00,51301,PSEG,55.139322,55.35,-1.99193,1.781252,PS,PS,4813.228,True
2025-01-16 03:00:00,2025-01-16 08:00:00+00:00,51301,PSEG,55.093018,54.3,-0.777624,1.570642,PS,PS,4789.328,True
2025-01-16 04:00:00,2025-01-16 09:00:00+00:00,51301,PSEG,57.143727,57.7,-2.079611,1.523338,PS,PS,4873.481,True
2025-01-16 05:00:00,2025-01-16 10:00:00+00:00,51301,PSEG,60.552621,62.85,-3.109002,0.811623,PS,PS,5096.671,True
2025-01-16 06:00:00,2025-01-16 11:00:00+00:00,51301,PSEG,77.445366,78.97,-2.673876,1.149242,PS,PS,5509.85,True
2025-01-16 07:00:00,2025-01-16 12:00:00+00:00,51301,PSEG,98.58257,101.31,-4.430437,1.703007,PS,PS,5800.932,True
2025-01-16 08:00:00,2025-01-16 13:00:00+00:00,51301,PSEG,68.894087,65.86,1.587658,1.446429,PS,PS,5761.077,True
2025-01-16 09:00:00,2025-01-16 14:00:00+00:00,51301,PSEG,59.804995,53.24,4.251513,2.313482,PS,PS,5541.658,True
2025-01-16 10:00:00,2025-01-16 15:00:00+00:00,51301,PSEG,56.239056,46.92,6.327044,2.992012,PS,PS,5595.773,True
2025-01-16 11:00:00,2025-01-16 16:00:00+00:00,51301,PSEG,51.685164,43.32,5.424245,2.940919,PS,PS,5563.951,True
2025-01-16 12:00:00,2025-01-16 17:00:00+00:00,51301,PSEG,49.421721,42.17,4.309697,2.942024,PS,PS,5458.173,True
2025-01-16 13:00:00,2025-01-16 18:00:00+00:00,51301,PSEG,48.779606,42.39,3.366426,3.02318,PS,PS,5525.171,True
2025-01-16 14:00:00,2025-01-16 19:00:00+00:00,51301,PSEG,47.168061,40.16,4.080301,2.92776,PS,PS,5587.771,True
2025-01-16 15:00:00,2025-01-16 20:00:00+00:00,51301,PSEG,48.683973,40.28,5.669604,2.734369,PS,PS,5705.515,True
2025-01-16 16:00:00,2025-01-16 21:00:00+00:00,51301,PSEG,56.260727,44.27,8.812863,3.177864,PS,PS,5930.704,True
2025-01-16 17:00:00,2025-01-16 22:00:00+00:00,51301,PSEG,84.023381,61.43,18.241955,4.351426,PS,PS,6142.302,True
2025-01-16 18:00:00,2025-01-16 23:00:00+00:00,51301,PSEG,65.286112,53.86,8.163365,3.262747,PS,PS,6168.991,True
2025-01-16 19:00:00,2025-01-17 00:00:00+00:00,51301,PSEG,53.550288,45.1,5.844512,2.605776,PS,PS,6076.628,True
2025-01-16 20:00:00,2025-01-17 01:00:00+00:00,51301,PSEG,52.270447,44.57,5.168914,2.531533,PS,PS,5952.221,True
2025-01-16 21:00:00,2025-01-17 02:00:00+00:00,51301,PSEG,51.566391,43.54,5.185974,2.840417,PS,PS,5782.809,True
2025-01-16 22:00:00,2025-01-17 03:00:00+00:00,51301,PSEG,44.89653,41.53,0.863735,2.502795,PS,PS,5515.508,True
2025-01-16 23:00:00,2025-01-17 04:00:00+00:00,51301,PSEG,43.246682,40.63,0.467966,2.148716,PS,PS,5218.853,True
2025-01-17 00:00:00,2025-01-17 05:00:00+00:00,51301,PSEG,44.416763,42.02,-0.328035,2.724798,PS,PS,4993.741,True
2025-01-17 01:00:00,2025-01-17 06:00:00+00:00,51301,PSEG,42.20818,40.36,-0.396188,2.244368,PS,PS,4858.392,True
2025-01-17 02:00:00,2025-01-17 07:00:00+00:00,51301,PSEG,41.547914,39.66,-0.245768,2.133682,PS,PS,4796.117,True
2025-01-17 03:00:00,2025-01-17 08:00:00+00:00,51301,PSEG,41.397618,39.34,-0.075541,2.133159,PS,PS,4769.143,True
2025-01-17 04:00:00,2025-01-17 09:00:00+00:00,51301,PSEG,42.229439,40.18,-0.075771,2.12521,PS,PS,4833.444,True
2025-01-17 05:00:00,2025-01-17 10:00:00+00:00,51301,PSEG,46.875182,43.77,0.85358,2.251602,PS,PS,5052.776,True
2025-01-17 06:00:00,2025-01-17 11:00:00+00:00,51301,PSEG,60.820406,59.05,-1.268196,3.038602,PS,PS,5423.781,True
2025-01-17 07:00:00,2025-01-17 12:00:00+00:00,51301,PSEG,79.477888,73.56,2.782227,3.135661,PS,PS,5697.576,True
2025-01-17 08:00:00,2025-01-17 13:00:00+00:00,51301,PSEG,52.399911,47.5,2.840262,2.059649,PS,PS,5733.297,True
2025-01-17 09:00:00,2025-01-17 14:00:00+00:00,51301,PSEG,44.247321,38.73,2.639645,2.877676,PS,PS,5519.062,True
2025-01-17 10:00:00,2025-01-17 15:00:00+00:00,51301,PSEG,39.742581,34.57,2.593091,2.57949,PS,PS,5050.306,True
2025-01-17 11:00:00,2025-01-17 16:00:00+00:00,51301,PSEG,36.770978,32.31,2.217424,2.243554,PS,PS,4794.282,True
2025-01-17 12:00:00,2025-01-17 17:00:00+00:00,51301,PSEG,33.69676,30.96,0.664563,2.072197,PS,PS,4666.122,True
2025-01-17 13:00:00,2025-01-17 18:00:00+00:00,51301,PSEG,33.229854,30.36,0.95683,1.913024,PS,PS,4699.779,True
2025-01-17 14:00:00,2025-01-17 19:00:00+00:00,51301,PSEG,32.948329,30.04,0.898704,2.009625,PS,PS,4902.502,True
2025-01-17 15:00:00,2025-01-17 20:00:00+00:00,51301,PSEG,33.143291,30.38,0.771509,1.991782,PS,PS,5169.342,True
2025-01-17 16:00:00,2025-01-17 21:00:00+00:00,51301,PSEG,35.676051,33.71,-0.171502,2.137553,PS,PS,5422.506,True
2025-01-17 17:00:00,2025-01-17 22:00:00+00:00,51301,PSEG,44.535109,42.21,-0.471231,2.79634,PS,PS,5623.389,True
2025-01-17 18:00:00,2025-01-17 23:00:00+00:00,51301,PSEG,40.479082,41.16,-2.425269,1.744351,PS,PS,5624.327,True
2025-01-17 19:00:00,2025-01-18 00:00:00+00:00,51301,PSEG,40.73453,39.8,-0.33865,1.27318,PS,PS,5558.801,True
2025-01-17 20:00:00,2025-01-18 01:00:00+00:00,51301,PSEG,40.963643,39.51,-0.000869,1.454512,PS,PS,5481.424,True
2025-01-17 21:00:00,2025-01-18 02:00:00+00:00,51301,PSEG,40.213889,38.04,0.417303,1.756586,PS,PS,5365.299,True
2025-01-17 22:00:00,2025-01-18 03:00:00+00:00,51301,PSEG,37.433004,35.62,0.246678,1.566326,PS,PS,5166.886,True
2025-01-17 23:00:00,2025-01-18 04:00:00+00:00,51301,PSEG,36.117614,33.57,0.703489,1.844125,PS,PS,4939.72,True
2025-01-18 00:00:00,2025-01-18 05:00:00+00:00,51301,PSEG,39.210593,36.07,0.93435,2.206243,PS,PS,4757.463,True
2025-01-18 01:00:00,2025-01-18 06:00:00+00:00,51301,PSEG,37.316796,34.42,1.143366,1.75343,PS,PS,4612.12,True
2025-01-18 02:00:00,2025-01-18 07:00:00+00:00,51301,PSEG,35.694486,32.63,1.363548,1.700938,PS,PS,4509.758,True
2025-01-18 03:00:00,2025-01-18 08:00:00+00:00,51301,PSEG,34.866034,31.43,1.803923,1.632111,PS,PS,4459.73,True
2025-01-18 04:00:00,2025-01-18 09:00:00+00:00,51301,PSEG,35.343659,31.98,1.873412,1.490247,PS,PS,4453.833,True
2025-01-18 05:00:00,2025-01-18 10:00:00+00:00,51301,PSEG,39.752011,35.45,2.44372,1.858291,PS,PS,4515.114,True
2025-01-18 06:00:00,2025-01-18 11:00:00+00:00,51301,PSEG,41.205715,36.73,2.413903,2.061812,PS,PS,4656.235,True
2025-01-18 07:00:00,2025-01-18 12:00:00+00:00,51301,PSEG,42.628808,38.01,2.174817,2.443991,PS,PS,4736.92,True
2025-01-18 08:00:00,2025-01-18 13:00:00+00:00,51301,PSEG,43.428119,39.25,2.02473,2.153389,PS,PS,4766.302,True
2025-01-18 09:00:00,2025-01-18 14:00:00+00:00,51301,PSEG,40.927047,37.23,1.448347,2.2487,PS,PS,4848.097,True
2025-01-18 10:00:00,2025-01-18 15:00:00+00:00,51301,PSEG,56.892898,50.99,2.446386,3.456512,PS,PS,4926.313,True
2025-01-18 11:00:00,2025-01-18 16:00:00+00:00,51301,PSEG,54.876868,48.99,2.824139,3.062729,PS,PS,4906.583,True
2025-01-18 12:00:00,2025-01-18 17:00:00+00:00,51301,PSEG,48.398974,43.66,2.289841,2.449133,PS,PS,4895.137,True
2025-01-18 13:00:00,2025-01-18 18:00:00+00:00,51301,PSEG,44.693852,40.9,1.397967,2.395885,PS,PS,4946.514,True
2025-01-18 14:00:00,2025-01-18 19:00:00+00:00,51301,PSEG,41.945834,38.52,1.157018,2.268816,PS,PS,4930.353,True
2025-01-18 15:00:00,2025-01-18 20:00:00+00:00,51301,PSEG,43.913416,40.48,1.14688,2.286536,PS,PS,4922.372,True
2025-01-18 16:00:00,2025-01-18 21:00:00+00:00,51301,PSEG,46.537067,43.07,0.928337,2.53873,PS,PS,4934.069,True
2025-01-18 17:00:00,2025-01-18 22:00:00+00:00,51301,PSEG,58.841004,54.05,1.263335,3.527669,PS,PS,5169.6,True
2025-01-18 18:00:00,2025-01-18 23:00:00+00:00,51301,PSEG,57.521963,53.79,1.018777,2.713186,PS,PS,5186.196,True
2025-01-18 19:00:00,2025-01-19 00:00:00+00:00,51301,PSEG,54.262431,51.07,0.395519,2.796912,PS,PS,5108.19,True
2025-01-18 20:00:00,2025-01-19 01:00:00+00:00,51301,PSEG,53.430693,49.96,0.813774,2.656919,PS,PS,5028.936,True
2025-01-18 21:00:00,2025-01-19 02:00:00+00:00,51301,PSEG,51.490713,48.5,0.638192,2.352521,PS,PS,4971.533,True
2025-01-18 22:00:00,2025-01-19 03:00:00+00:00,51301,PSEG,49.465494,46.22,0.746119,2.499375,PS,PS,4778.662,True
2025-01-18 23:00:00,2025-01-19 04:00:00+00:00,51301,PSEG,45.008671,41.91,0.804971,2.2937,PS,PS,4618.218,True
2025-01-19 00:00:00,2025-01-19 05:00:00+00:00,51301,PSEG,44.119582,40.02,1.867405,2.232177,PS,PS,4427.907,True
2025-01-19 01:00:00,2025-01-19 06:00:00+00:00,51301,PSEG,42.2603,38.4,1.923771,1.936529,PS,PS,4308.678,True
2025-01-19 02:00:00,2025-01-19 07:00:00+00:00,51301,PSEG,41.16731,37.76,1.479603,1.927707,PS,PS,4207.867,True
2025-01-19 03:00:00,2025-01-19 08:00:00+00:00,51301,PSEG,41.172189,37.57,1.717743,1.884446,PS,PS,4165.517,True
2025-01-19 04:00:00,2025-01-19 09:00:00+00:00,51301,PSEG,40.875405,37.79,1.199107,1.886298,PS,PS,4173.973,True
2025-01-19 05:00:00,2025-01-19 10:00:00+00:00,51301,PSEG,39.975332,37.34,0.869922,1.76541,PS,PS,4237.016,True
2025-01-19 06:00:00,2025-01-19 11:00:00+00:00,51301,PSEG,43.07228,39.82,1.499679,1.752601,PS,PS,4290.277,True
2025-01-19 07:00:00,2025-01-19 12:00:00+00:00,51301,PSEG,47.993405,46.17,-0.272193,2.095598,PS,PS,4404.795,True
2025-01-19 08:00:00,2025-01-19 13:00:00+00:00,51301,PSEG,53.205485,48.7,1.967987,2.537498,PS,PS,4444.383,True
2025-01-19 09:00:00,2025-01-19 14:00:00+00:00,51301,PSEG,55.917297,51.16,2.264833,2.492464,PS,PS,4567.409,True
2025-01-19 10:00:00,2025-01-19 15:00:00+00:00,51301,PSEG,86.545029,77.01,4.496543,5.038486,PS,PS,4609.731,True
2025-01-19 11:00:00,2025-01-19 16:00:00+00:00,51301,PSEG,85.441975,75.96,4.628978,4.852997,PS,PS,4701.674,True
2025-01-19 12:00:00,2025-01-19 17:00:00+00:00,51301,PSEG,84.588115,75.55,4.658446,4.379669,PS,PS,4871.073,True
2025-01-19 13:00:00,2025-01-19 18:00:00+00:00,51301,PSEG,80.235094,71.93,4.664257,3.640837,PS,PS,5016.362,True
2025-01-19 14:00:00,2025-01-19 19:00:00+00:00,51301,PSEG,84.67325,76.54,4.844508,3.288742,PS,PS,5133.335,True
2025-01-19 15:00:00,2025-01-19 20:00:00+00:00,51301,PSEG,92.039134,84.16,4.996578,2.882556,PS,PS,5208.649,True
2025-01-19 16:00:00,2025-01-19 21:00:00+00:00,51301,PSEG,108.660364,102.65,3.417349,2.593015,PS,PS,5382.012,True
2025-01-19 17:00:00,2025-01-19 22:00:00+00:00,51301,PSEG,173.261802,165.64,3.190987,4.430815,PS,PS,5549.25,True
2025-01-19 18:00:00,2025-01-19 23:00:00+00:00,51301,PSEG,174.760242,170.07,0.993212,3.69703,PS,PS,5585.385,True
2025-01-19 19:00:00,2025-01-20 00:00:00+00:00,51301,PSEG,162.823911,159.19,1.452764,2.181147,PS,PS,5525.472,True
2025-01-19 20:00:00,2025-01-20 01:00:00+00:00,51301,PSEG,159.419601,154.72,0.969487,3.730114,PS,PS,5443.716,True
2025-01-19 21:00:00,2025-01-20 02:00:00+00:00,51301,PSEG,150.71109,145.7,0.835537,4.175553,PS,PS,5320.25,True
2025-01-19 22:00:00,2025-01-20 03:00:00+00:00,51301,PSEG,142.615582,137.41,0.74532,4.460262,PS,PS,5170.303,True
2025-01-19 23:00:00,2025-01-20 04:00:00+00:00,51301,PSEG,117.995183,113.54,1.671327,2.783856,PS,PS,4977.67,True
2025-01-20 00:00:00,2025-01-20 05:00:00+00:00,51301,PSEG,96.137857,100.87,-6.912657,2.180514,PS,PS,4849.443,True
2025-01-20 01:00:00,2025-01-20 06:00:00+00:00,51301,PSEG,94.236847,101.22,-8.664836,1.681683,PS,PS,4747.017,True
2025-01-20 02:00:00,2025-01-20 07:00:00+00:00,51301,PSEG,96.704599,105.55,-9.966884,1.121483,PS,PS,4698.399,True
2025-01-20 03:00:00,2025-01-20 08:00:00+00:00,51301,PSEG,108.674267,126.51,-18.519993,0.68426,PS,PS,4706.131,True
2025-01-20 04:00:00,2025-01-20 09:00:00+00:00,51301,PSEG,114.823224,112.73,1.424404,0.66882,PS,PS,4769.682,True
2025-01-20 05:00:00,2025-01-20 10:00:00+00:00,51301,PSEG,140.067034,141.67,-1.84482,0.241854,PS,PS,4954.803,True
2025-01-20 06:00:00,2025-01-20 11:00:00+00:00,51301,PSEG,174.080914,166.64,5.888334,1.55258,PS,PS,5217.302,True
2025-01-20 07:00:00,2025-01-20 12:00:00+00:00,51301,PSEG,250.911405,260.89,-14.045235,4.06664,PS,PS,5402.145,True
2025-01-20 08:00:00,2025-01-20 13:00:00+00:00,51301,PSEG,207.709157,221.13,-18.40671,4.985867,PS,PS,5565.746,True
2025-01-20 09:00:00,2025-01-20 14:00:00+00:00,51301,PSEG,144.335999,152.7,-13.018035,4.654034,PS,PS,5687.208,True
2025-01-20 10:00:00,2025-01-20 15:00:00+00:00,51301,PSEG,183.989138,214.24,-43.086072,12.83521,PS,PS,5752.968,True
2025-01-20 11:00:00,2025-01-20 16:00:00+00:00,51301,PSEG,170.059455,189.79,-32.226546,12.496001,PS,PS,5762.255,True
2025-01-20 12:00:00,2025-01-20 17:00:00+00:00,51301,PSEG,165.241732,175.56,-22.784513,12.466245,PS,PS,5756.575,True
2025-01-20 13:00:00,2025-01-20 18:00:00+00:00,51301,PSEG,168.345479,168.84,-12.519176,12.024655,PS,PS,5796.638,True
2025-01-20 14:00:00,2025-01-20 19:00:00+00:00,51301,PSEG,171.082474,156.53,1.716771,12.835703,PS,PS,5786.736,True
2025-01-20 15:00:00,2025-01-20 20:00:00+00:00,51301,PSEG,177.848678,173.33,-10.625668,15.144346,PS,PS,5779.353,True
2025-01-20 16:00:00,2025-01-20 21:00:00+00:00,51301,PSEG,190.052516,205.78,-31.965867,16.238383,PS,PS,5940.971,True
2025-01-20 17:00:00,2025-01-20 22:00:00+00:00,51301,PSEG,260.411498,294.29,-54.687321,20.808819,PS,PS,6261.062,True
2025-01-20 18:00:00,2025-01-20 23:00:00+00:00,51301,PSEG,268.918276,308.06,-57.809487,18.667763,PS,PS,6329.281,True
2025-01-20 19:00:00,2025-01-21 00:00:00+00:00,51301,PSEG,254.890309,299.2,-59.502656,15.192965,PS,PS,6291.07,True
2025-01-20 20:00:00,2025-01-21 01:00:00+00:00,51301,PSEG,249.731721,297.13,-61.575165,14.176886,PS,PS,6182.554,True
2025-01-20 21:00:00,2025-01-21 02:00:00+00:00,51301,PSEG,240.692721,287.29,-61.862519,15.26524,PS,PS,6021.7,True
2025-01-20 22:00:00,2025-01-21 03:00:00+00:00,51301,PSEG,228.368248,274.35,-59.725777,13.744025,PS,PS,5828.552,True
2025-01-20 23:00:00,2025-01-21 04:00:00+00:00,51301,PSEG,234.443117,262.53,-43.916142,15.829259,PS,PS,5497.63,True
2025-01-21 00:00:00,2025-01-21 05:00:00+00:00,51301,PSEG,195.866719,184.58,1.015548,10.271171,PS,PS,5309.12,True
2025-01-21 01:00:00,2025-01-21 06:00:00+00:00,51301,PSEG,198.572767,188.41,1.078804,9.083963,PS,PS,5202.262,True
2025-01-21 02:00:00,2025-01-21 07:00:00+00:00,51301,PSEG,198.650726,188.87,1.330559,8.450167,PS,PS,5136.798,True
2025-01-21 03:00:00,2025-01-21 08:00:00+00:00,51301,PSEG,215.95265,206.56,1.505118,7.887532,PS,PS,5131.815,True
2025-01-21 04:00:00,2025-01-21 09:00:00+00:00,51301,PSEG,233.242847,222.56,0.491334,10.191513,PS,PS,5160.163,True
2025-01-21 05:00:00,2025-01-21 10:00:00+00:00,51301,PSEG,275.350561,261.28,1.585816,12.484745,PS,PS,5431.503,True
2025-01-21 06:00:00,2025-01-21 11:00:00+00:00,51301,PSEG,282.729976,278.49,-11.51324,15.753216,PS,PS,5928.277,True
2025-01-21 07:00:00,2025-01-21 12:00:00+00:00,51301,PSEG,319.71058,311.64,-5.956179,14.026759,PS,PS,6309.339,True
2025-01-21 08:00:00,2025-01-21 13:00:00+00:00,51301,PSEG,281.023522,267.53,0.672214,12.821308,PS,PS,6317.542,True
2025-01-21 09:00:00,2025-01-21 14:00:00+00:00,51301,PSEG,266.706034,246.15,5.101358,15.454676,PS,PS,6385.576,True
2025-01-21 10:00:00,2025-01-21 15:00:00+00:00,51301,PSEG,283.682739,227.3,39.578893,16.803846,PS,PS,6393.953,True
2025-01-21 11:00:00,2025-01-21 16:00:00+00:00,51301,PSEG,277.857138,213.37,46.652187,17.834951,PS,PS,6320.758,True
2025-01-21 12:00:00,2025-01-21 17:00:00+00:00,51301,PSEG,266.083002,212.85,34.835071,18.397931,PS,PS,6193.25,True
2025-01-21 13:00:00,2025-01-21 18:00:00+00:00,51301,PSEG,244.802528,192.54,35.306527,16.956001,PS,PS,6214.85,True
2025-01-21 14:00:00,2025-01-21 19:00:00+00:00,51301,PSEG,235.937275,193.19,25.193579,17.553696,PS,PS,6235.172,True
2025-01-21 15:00:00,2025-01-21 20:00:00+00:00,51301,PSEG,257.986524,210.44,28.806882,18.739642,PS,PS,6259.272,True
2025-01-21 16:00:00,2025-01-21 21:00:00+00:00,51301,PSEG,278.244632,231.61,29.126442,17.50819,PS,PS,6427.898,True
2025-01-21 17:00:00,2025-01-21 22:00:00+00:00,51301,PSEG,319.797892,291.84,8.875992,19.0819,PS,PS,6760.71,True
2025-01-21 18:00:00,2025-01-21 23:00:00+00:00,51301,PSEG,319.866754,297.89,5.126882,16.849872,PS,PS,6707.463,True
2025-01-21 19:00:00,2025-01-22 00:00:00+00:00,51301,PSEG,315.707954,299.88,0.020825,15.807129,PS,PS,6610.981,True
2025-01-21 20:00:00,2025-01-22 01:00:00+00:00,51301,PSEG,285.339465,270.46,0.626898,14.252567,PS,PS,6507.66,True
2025-01-21 21:00:00,2025-01-22 02:00:00+00:00,51301,PSEG,286.008739,257.88,15.246293,12.882446,PS,PS,6316.197,True
2025-01-21 22:00:00,2025-01-22 03:00:00+00:00,51301,PSEG,242.450888,215.16,16.516475,10.774413,PS,PS,6036.432,True
2025-01-21 23:00:00,2025-01-22 04:00:00+00:00,51301,PSEG,218.958775,204.62,4.0,10.338775,PS,PS,5744.292,True
2025-01-22 00:00:00,2025-01-22 05:00:00+00:00,51301,PSEG,195.521134,182.02,1.742066,11.759068,PS,PS,5532.463,True
2025-01-22 01:00:00,2025-01-22 06:00:00+00:00,51301,PSEG,187.347633,169.34,9.605989,8.401644,PS,PS,5427.454,True
2025-01-22 02:00:00,2025-01-22 07:00:00+00:00,51301,PSEG,190.105612,176.46,5.404445,8.241167,PS,PS,5310.705,True
2025-01-22 03:00:00,2025-01-22 08:00:00+00:00,51301,PSEG,181.852327,171.92,2.078396,7.853931,PS,PS,5319.583,True
2025-01-22 04:00:00,2025-01-22 09:00:00+00:00,51301,PSEG,185.692357,176.82,1.004625,7.867732,PS,PS,5390.124,True
2025-01-22 05:00:00,2025-01-22 10:00:00+00:00,51301,PSEG,214.309908,207.27,-2.857732,9.89764,PS,PS,5573.083,True
2025-01-22 06:00:00,2025-01-22 11:00:00+00:00,51301,PSEG,271.408389,272.69,-11.836256,10.554645,PS,PS,6028.666,True
2025-01-22 07:00:00,2025-01-22 12:00:00+00:00,51301,PSEG,302.559852,307.79,-13.234551,8.004403,PS,PS,6345.492,True
2025-01-22 08:00:00,2025-01-22 13:00:00+00:00,51301,PSEG,253.739502,245.64,0.585104,7.514398,PS,PS,6479.663,True
2025-01-22 09:00:00,2025-01-22 14:00:00+00:00,51301,PSEG,221.836427,198.09,15.86161,7.884817,PS,PS,6477.295,True
2025-01-22 10:00:00,2025-01-22 15:00:00+00:00,51301,PSEG,176.580746,170.4,-0.918092,7.098838,PS,PS,6338.319,True
2025-01-22 11:00:00,2025-01-22 16:00:00+00:00,51301,PSEG,165.263194,152.25,7.216926,5.796268,PS,PS,6242.161,True
2025-01-22 12:00:00,2025-01-22 17:00:00+00:00,51301,PSEG,154.21021,134.4,14.178351,5.631859,PS,PS,6093.687,True
2025-01-22 13:00:00,2025-01-22 18:00:00+00:00,51301,PSEG,148.558635,127.65,15.498725,5.40991,PS,PS,6017.577,True
2025-01-22 14:00:00,2025-01-22 19:00:00+00:00,51301,PSEG,152.896007,132.25,15.129888,5.516119,PS,PS,5982.163,True
2025-01-22 15:00:00,2025-01-22 20:00:00+00:00,51301,PSEG,157.750588,131.71,20.570165,5.470423,PS,PS,6017.784,True
2025-01-22 16:00:00,2025-01-22 21:00:00+00:00,51301,PSEG,182.909888,153.31,23.157789,6.442099,PS,PS,6246.696,True
2025-01-22 17:00:00,2025-01-22 22:00:00+00:00,51301,PSEG,194.367266,182.18,5.094162,7.093104,PS,PS,6558.034,True
2025-01-22 18:00:00,2025-01-22 23:00:00+00:00,51301,PSEG,213.959452,187.85,19.240501,6.868951,PS,PS,6612.747,True
2025-01-22 19:00:00,2025-01-23 00:00:00+00:00,51301,PSEG,178.262263,163.48,8.918938,5.863325,PS,PS,6576.832,True
2025-01-22 20:00:00,2025-01-23 01:00:00+00:00,51301,PSEG,180.822876,168.41,5.756045,6.656831,PS,PS,6476.339,True
2025-01-22 21:00:00,2025-01-23 02:00:00+00:00,51301,PSEG,168.563346,161.16,1.034131,6.369215,PS,PS,6314.932,True
2025-01-22 22:00:00,2025-01-23 03:00:00+00:00,51301,PSEG,161.410394,151.31,4.327797,5.772597,PS,PS,6035.862,True
2025-01-22 23:00:00,2025-01-23 04:00:00+00:00,51301,PSEG,160.382888,143.25,8.86692,8.265968,PS,PS,5779.307,True
2025-01-23 00:00:00,2025-01-23 05:00:00+00:00,51301,PSEG,140.701258,138.37,-2.934525,5.265783,PS,PS,5503.667,True
2025-01-23 01:00:00,2025-01-23 06:00:00+00:00,51301,PSEG,140.302811,134.69,-0.492474,6.105285,PS,PS,5411.535,True
2025-01-23 02:00:00,2025-01-23 07:00:00+00:00,51301,PSEG,133.96673,129.56,-1.204128,5.610858,PS,PS,5330.288,True
2025-01-23 03:00:00,2025-01-23 08:00:00+00:00,51301,PSEG,134.351588,130.38,-1.083456,5.055044,PS,PS,5300.268,True
2025-01-23 04:00:00,2025-01-23 09:00:00+00:00,51301,PSEG,137.863648,130.99,1.844917,5.028731,PS,PS,5338.937,True
2025-01-23 05:00:00,2025-01-23 10:00:00+00:00,51301,PSEG,153.724682,146.15,1.381182,6.1935,PS,PS,5498.817,True
2025-01-23 06:00:00,2025-01-23 11:00:00+00:00,51301,PSEG,196.927524,185.48,4.573947,6.873577,PS,PS,5923.247,True
2025-01-23 07:00:00,2025-01-23 12:00:00+00:00,51301,PSEG,206.80258,211.81,-12.422202,7.414782,PS,PS,6204.134,True
2025-01-23 08:00:00,2025-01-23 13:00:00+00:00,51301,PSEG,154.443446,154.37,-6.773332,6.846778,PS,PS,6227.771,True
2025-01-23 09:00:00,2025-01-23 14:00:00+00:00,51301,PSEG,129.219344,116.98,6.665749,5.573595,PS,PS,6171.508,True
2025-01-23 10:00:00,2025-01-23 15:00:00+00:00,51301,PSEG,77.287286,71.71,0.075467,5.501819,PS,PS,6038.627,True
2025-01-23 11:00:00,2025-01-23 16:00:00+00:00,51301,PSEG,65.279223,59.37,1.391923,4.5173,PS,PS,5956.482,True
2025-01-23 12:00:00,2025-01-23 17:00:00+00:00,51301,PSEG,59.258638,53.24,1.741874,4.276764,PS,PS,5781.777,True
2025-01-23 13:00:00,2025-01-23 18:00:00+00:00,51301,PSEG,55.706359,52.18,-0.858479,4.384838,PS,PS,5765.403,True
2025-01-23 14:00:00,2025-01-23 19:00:00+00:00,51301,PSEG,55.023265,50.41,0.370804,4.242461,PS,PS,5756.659,True
2025-01-23 15:00:00,2025-01-23 20:00:00+00:00,51301,PSEG,56.766467,51.56,0.945263,4.261204,PS,PS,5842.744,True
2025-01-23 16:00:00,2025-01-23 21:00:00+00:00,51301,PSEG,64.76011,58.01,2.198445,4.551665,PS,PS,5997.941,True
2025-01-23 17:00:00,2025-01-23 22:00:00+00:00,51301,PSEG,91.645307,85.36,-0.437159,6.722466,PS,PS,6324.976,True
2025-01-23 18:00:00,2025-01-23 23:00:00+00:00,51301,PSEG,94.378272,90.71,-3.030054,6.698326,PS,PS,6385.323,True
2025-01-23 19:00:00,2025-01-24 00:00:00+00:00,51301,PSEG,83.900036,80.75,-2.851115,6.001151,PS,PS,6342.475,True
2025-01-23 20:00:00,2025-01-24 01:00:00+00:00,51301,PSEG,83.354263,80.34,-2.951993,5.966256,PS,PS,6261.236,True
2025-01-23 21:00:00,2025-01-24 02:00:00+00:00,51301,PSEG,78.952101,75.34,-1.543417,5.155518,PS,PS,6092.3,True
2025-01-23 22:00:00,2025-01-24 03:00:00+00:00,51301,PSEG,75.107699,70.26,-0.028513,4.876212,PS,PS,5899.637,True
2025-01-23 23:00:00,2025-01-24 04:00:00+00:00,51301,PSEG,71.129162,63.89,2.891054,4.348108,PS,PS,5565.923,True
2025-01-24 00:00:00,2025-01-24 05:00:00+00:00,51301,PSEG,80.156484,78.72,-2.94557,4.382054,PS,PS,5334.296,True
2025-01-24 01:00:00,2025-01-24 06:00:00+00:00,51301,PSEG,76.540724,75.05,-2.704165,4.194889,PS,PS,5201.418,True
2025-01-24 02:00:00,2025-01-24 07:00:00+00:00,51301,PSEG,77.358588,76.5,-3.226495,4.085083,PS,PS,5125.224,True
2025-01-24 03:00:00,2025-01-24 08:00:00+00:00,51301,PSEG,74.88448,75.37,-4.370785,3.885265,PS,PS,5100.376,True
2025-01-24 04:00:00,2025-01-24 09:00:00+00:00,51301,PSEG,75.863442,74.73,-2.744559,3.878001,PS,PS,5172.316,True
2025-01-24 05:00:00,2025-01-24 10:00:00+00:00,51301,PSEG,82.237538,86.88,-8.983334,4.340872,PS,PS,5358.883,True
2025-01-24 06:00:00,2025-01-24 11:00:00+00:00,51301,PSEG,103.539748,114.21,-15.821595,5.151343,PS,PS,5724.07,True
2025-01-24 07:00:00,2025-01-24 12:00:00+00:00,51301,PSEG,145.344767,157.64,-19.576633,7.2814,PS,PS,5975.013,True
2025-01-24 08:00:00,2025-01-24 13:00:00+00:00,51301,PSEG,91.759569,102.67,-16.072424,5.161993,PS,PS,5967.993,True
2025-01-24 09:00:00,2025-01-24 14:00:00+00:00,51301,PSEG,79.064101,73.75,0.439209,4.874892,PS,PS,5839.678,True
2025-01-24 10:00:00,2025-01-24 15:00:00+00:00,51301,PSEG,67.021589,63.24,0.821862,2.959727,PS,PS,5680.649,True
2025-01-24 11:00:00,2025-01-24 16:00:00+00:00,51301,PSEG,55.70826,52.26,0.122451,3.325809,PS,PS,5529.398,True
2025-01-24 12:00:00,2025-01-24 17:00:00+00:00,51301,PSEG,50.668832,47.32,0.422692,2.92614,PS,PS,5405.317,True
2025-01-24 13:00:00,2025-01-24 18:00:00+00:00,51301,PSEG,49.096727,45.7,0.634131,2.762596,PS,PS,5342.759,True
2025-01-24 14:00:00,2025-01-24 19:00:00+00:00,51301,PSEG,46.771899,43.74,0.549211,2.482688,PS,PS,5328.441,True
2025-01-24 15:00:00,2025-01-24 20:00:00+00:00,51301,PSEG,47.285468,43.77,0.794428,2.72104,PS,PS,5481.475,True
2025-01-24 16:00:00,2025-01-24 21:00:00+00:00,51301,PSEG,59.743929,53.35,2.97517,3.418759,PS,PS,5726.111,True
2025-01-24 17:00:00,2025-01-24 22:00:00+00:00,51301,PSEG,83.511036,76.01,3.667331,3.833705,PS,PS,6028.148,True
2025-01-24 18:00:00,2025-01-24 23:00:00+00:00,51301,PSEG,77.749862,71.0,3.722652,3.02721,PS,PS,6064.264,True
2025-01-24 19:00:00,2025-01-25 00:00:00+00:00,51301,PSEG,71.989292,65.85,3.681635,2.457657,PS,PS,6000.918,True
2025-01-24 20:00:00,2025-01-25 01:00:00+00:00,51301,PSEG,73.582789,67.71,3.31166,2.561129,PS,PS,5911.714,True
2025-01-24 21:00:00,2025-01-25 02:00:00+00:00,51301,PSEG,73.378827,67.76,3.005516,2.613311,PS,PS,5787.98,True
2025-01-24 22:00:00,2025-01-25 03:00:00+00:00,51301,PSEG,71.372651,65.53,2.579508,3.263143,PS,PS,5571.47,True
2025-01-24 23:00:00,2025-01-25 04:00:00+00:00,51301,PSEG,63.290271,58.0,2.073786,3.216485,PS,PS,5369.204,True
2025-01-25 00:00:00,2025-01-25 05:00:00+00:00,51301,PSEG,71.08242,65.94,3.574635,1.567785,PS,PS,5174.39,True
2025-01-25 01:00:00,2025-01-25 06:00:00+00:00,51301,PSEG,70.126449,65.22,3.885489,1.02096,PS,PS,5062.873,True
2025-01-25 02:00:00,2025-01-25 07:00:00+00:00,51301,PSEG,70.155499,65.88,3.466931,0.808568,PS,PS,4974.541,True
2025-01-25 03:00:00,2025-01-25 08:00:00+00:00,51301,PSEG,70.952686,66.91,3.444053,0.598633,PS,PS,4931.986,True
2025-01-25 04:00:00,2025-01-25 09:00:00+00:00,51301,PSEG,69.817683,67.18,1.290076,1.347607,PS,PS,4945.542,True
2025-01-25 05:00:00,2025-01-25 10:00:00+00:00,51301,PSEG,72.155797,71.19,-0.328302,1.294099,PS,PS,5053.079,True
2025-01-25 06:00:00,2025-01-25 11:00:00+00:00,51301,PSEG,86.817381,91.76,-6.336113,1.393494,PS,PS,5210.411,True
2025-01-25 07:00:00,2025-01-25 12:00:00+00:00,51301,PSEG,105.893094,110.32,-5.264368,0.837462,PS,PS,5295.51,True
2025-01-25 08:00:00,2025-01-25 13:00:00+00:00,51301,PSEG,87.477454,86.38,1.029661,0.067793,PS,PS,5268.631,True
2025-01-25 09:00:00,2025-01-25 14:00:00+00:00,51301,PSEG,64.619754,61.14,1.675131,1.804623,PS,PS,5150.406,True
2025-01-25 10:00:00,2025-01-25 15:00:00+00:00,51301,PSEG,45.597901,42.94,1.018425,1.639476,PS,PS,5006.195,True
2025-01-25 11:00:00,2025-01-25 16:00:00+00:00,51301,PSEG,42.635531,40.01,1.068775,1.556756,PS,PS,4928.416,True
2025-01-25 12:00:00,2025-01-25 17:00:00+00:00,51301,PSEG,37.195112,34.58,1.2179,1.397212,PS,PS,4830.515,True
2025-01-25 13:00:00,2025-01-25 18:00:00+00:00,51301,PSEG,36.36898,33.56,1.219515,1.589465,PS,PS,4809.237,True
2025-01-25 14:00:00,2025-01-25 19:00:00+00:00,51301,PSEG,35.597474,32.28,1.582642,1.734832,PS,PS,4933.097,True
2025-01-25 15:00:00,2025-01-25 20:00:00+00:00,51301,PSEG,35.778686,32.18,1.904205,1.694481,PS,PS,5092.929,True
2025-01-25 16:00:00,2025-01-25 21:00:00+00:00,51301,PSEG,40.784405,36.5,1.519442,2.764963,PS,PS,5394.689,True
2025-01-25 17:00:00,2025-01-25 22:00:00+00:00,51301,PSEG,49.152518,44.55,1.857885,2.744633,PS,PS,5665.479,True
2025-01-25 18:00:00,2025-01-25 23:00:00+00:00,51301,PSEG,48.197778,43.91,1.823403,2.464375,PS,PS,5720.581,True
2025-01-25 19:00:00,2025-01-26 00:00:00+00:00,51301,PSEG,47.684978,43.7,1.437644,2.547334,PS,PS,5688.502,True
2025-01-25 20:00:00,2025-01-26 01:00:00+00:00,51301,PSEG,45.079916,41.47,0.921364,2.688552,PS,PS,5620.817,True
2025-01-25 21:00:00,2025-01-26 02:00:00+00:00,51301,PSEG,43.7654,39.62,1.419706,2.725694,PS,PS,5489.874,True
2025-01-25 22:00:00,2025-01-26 03:00:00+00:00,51301,PSEG,42.640136,38.39,1.500376,2.74976,PS,PS,5308.926,True
2025-01-25 23:00:00,2025-01-26 04:00:00+00:00,51301,PSEG,42.084142,37.91,1.480063,2.694079,PS,PS,5101.383,True
2025-01-26 00:00:00,2025-01-26 05:00:00+00:00,51301,PSEG,40.242569,38.04,0.277891,1.924678,PS,PS,4922.453,True
2025-01-26 01:00:00,2025-01-26 06:00:00+00:00,51301,PSEG,36.647145,34.64,0.232931,1.774214,PS,PS,4774.983,True
2025-01-26 02:00:00,2025-01-26 07:00:00+00:00,51301,PSEG,36.1054,34.25,0.260644,1.594756,PS,PS,4658.779,True
2025-01-26 03:00:00,2025-01-26 08:00:00+00:00,51301,PSEG,36.85471,34.89,0.26864,1.69607,PS,PS,4591.492,True
2025-01-26 04:00:00,2025-01-26 09:00:00+00:00,51301,PSEG,36.593769,34.82,0.196829,1.57694,PS,PS,4574.918,True
2025-01-26 05:00:00,2025-01-26 10:00:00+00:00,51301,PSEG,37.976736,36.39,0.161468,1.425268,PS,PS,4612.5,True
2025-01-26 06:00:00,2025-01-26 11:00:00+00:00,51301,PSEG,41.626461,40.15,0.229632,1.246829,PS,PS,4710.932,True
2025-01-26 07:00:00,2025-01-26 12:00:00+00:00,51301,PSEG,45.824319,44.14,0.018849,1.66547,PS,PS,4769.562,True
2025-01-26 08:00:00,2025-01-26 13:00:00+00:00,51301,PSEG,44.884684,43.21,0.241708,1.432976,PS,PS,4856.7,True
2025-01-26 09:00:00,2025-01-26 14:00:00+00:00,51301,PSEG,38.055584,35.88,0.173967,2.001617,PS,PS,4860.391,True
2025-01-26 10:00:00,2025-01-26 15:00:00+00:00,51301,PSEG,38.036481,36.07,0.124368,1.842113,PS,PS,4918.336,True
2025-01-26 11:00:00,2025-01-26 16:00:00+00:00,51301,PSEG,36.693662,34.79,0.103465,1.800197,PS,PS,4922.371,True
2025-01-26 12:00:00,2025-01-26 17:00:00+00:00,51301,PSEG,36.913059,34.75,0.254125,1.908934,PS,PS,4728.3,True
2025-01-26 13:00:00,2025-01-26 18:00:00+00:00,51301,PSEG,35.21374,33.25,0.341471,1.622269,PS,PS,4670.257,True
2025-01-26 14:00:00,2025-01-26 19:00:00+00:00,51301,PSEG,34.700387,32.43,0.357358,1.913029,PS,PS,4724.37,True
2025-01-26 15:00:00,2025-01-26 20:00:00+00:00,51301,PSEG,36.234752,33.82,0.5743,1.840452,PS,PS,4821.587,True
2025-01-26 16:00:00,2025-01-26 21:00:00+00:00,51301,PSEG,38.30898,36.21,0.43338,1.6656,PS,PS,5040.745,True
2025-01-26 17:00:00,2025-01-26 22:00:00+00:00,51301,PSEG,50.91306,47.72,0.726895,2.466165,PS,PS,5379.041,True
2025-01-26 18:00:00,2025-01-26 23:00:00+00:00,51301,PSEG,50.707034,47.87,0.847537,1.989497,PS,PS,5483.247,True
2025-01-26 19:00:00,2025-01-27 00:00:00+00:00,51301,PSEG,48.135633,45.5,0.898177,1.737456,PS,PS,5507.118,True
2025-01-26 20:00:00,2025-01-27 01:00:00+00:00,51301,PSEG,46.260491,43.75,0.775775,1.734716,PS,PS,5463.54,True
2025-01-26 21:00:00,2025-01-27 02:00:00+00:00,51301,PSEG,44.888406,42.18,0.970834,1.737572,PS,PS,5350.508,True
2025-01-26 22:00:00,2025-01-27 03:00:00+00:00,51301,PSEG,43.109008,40.16,0.972211,1.976797,PS,PS,5149.553,True
2025-01-26 23:00:00,2025-01-27 04:00:00+00:00,51301,PSEG,39.986513,36.64,1.343529,2.002984,PS,PS,4923.94,True
2025-01-27 00:00:00,2025-01-27 05:00:00+00:00,51301,PSEG,39.309037,35.72,1.125716,2.463321,PS,PS,4735.093,True
2025-01-27 01:00:00,2025-01-27 06:00:00+00:00,51301,PSEG,37.384905,34.09,1.117682,2.177223,PS,PS,4623.547,True
2025-01-27 02:00:00,2025-01-27 07:00:00+00:00,51301,PSEG,36.335025,33.54,0.781994,2.013031,PS,PS,4551.662,True
2025-01-27 03:00:00,2025-01-27 08:00:00+00:00,51301,PSEG,36.410861,33.55,0.989905,1.870956,PS,PS,4543.997,True
2025-01-27 04:00:00,2025-01-27 09:00:00+00:00,51301,PSEG,37.931511,34.85,1.290063,1.791448,PS,PS,4623.108,True
2025-01-27 05:00:00,2025-01-27 10:00:00+00:00,51301,PSEG,39.874512,37.74,0.398377,1.736135,PS,PS,4843.386,True
2025-01-27 06:00:00,2025-01-27 11:00:00+00:00,51301,PSEG,60.304817,56.0,1.66843,2.636387,PS,PS,5277.977,True
2025-01-27 07:00:00,2025-01-27 12:00:00+00:00,51301,PSEG,73.969562,69.25,1.358654,3.360908,PS,PS,5543.1,True
2025-01-27 08:00:00,2025-01-27 13:00:00+00:00,51301,PSEG,47.195376,45.37,-0.137835,1.963211,PS,PS,5400.019,True
2025-01-27 09:00:00,2025-01-27 14:00:00+00:00,51301,PSEG,39.166453,37.76,0.054425,1.352028,PS,PS,5122.003,True
2025-01-27 10:00:00,2025-01-27 15:00:00+00:00,51301,PSEG,35.893427,34.03,0.746497,1.11693,PS,PS,4870.194,True
2025-01-27 11:00:00,2025-01-27 16:00:00+00:00,51301,PSEG,33.849428,31.24,1.516334,1.093094,PS,PS,4698.423,True
2025-01-27 12:00:00,2025-01-27 17:00:00+00:00,51301,PSEG,33.861326,30.59,2.068082,1.203244,PS,PS,4616.899,True
2025-01-27 13:00:00,2025-01-27 18:00:00+00:00,51301,PSEG,32.865027,29.61,1.966214,1.288813,PS,PS,4614.325,True
2025-01-27 14:00:00,2025-01-27 19:00:00+00:00,51301,PSEG,30.725475,28.45,1.027952,1.247523,PS,PS,4732.243,True
2025-01-27 15:00:00,2025-01-27 20:00:00+00:00,51301,PSEG,30.972312,28.63,1.15088,1.191432,PS,PS,5039.78,True
2025-01-27 16:00:00,2025-01-27 21:00:00+00:00,51301,PSEG,34.561342,32.3,1.252498,1.008844,PS,PS,5391.579,True
2025-01-27 17:00:00,2025-01-27 22:00:00+00:00,51301,PSEG,50.036142,46.91,0.810047,2.316095,PS,PS,5719.338,True
2025-01-27 18:00:00,2025-01-27 23:00:00+00:00,51301,PSEG,49.066386,45.83,1.006161,2.230225,PS,PS,5812.033,True
2025-01-27 19:00:00,2025-01-28 00:00:00+00:00,51301,PSEG,42.349339,41.08,-0.204926,1.474265,PS,PS,5775.692,True
2025-01-27 20:00:00,2025-01-28 01:00:00+00:00,51301,PSEG,41.969155,40.53,0.170082,1.269073,PS,PS,5678.078,True
2025-01-27 21:00:00,2025-01-28 02:00:00+00:00,51301,PSEG,41.027575,38.96,0.718347,1.349228,PS,PS,5496.729,True
2025-01-27 22:00:00,2025-01-28 03:00:00+00:00,51301,PSEG,37.878669,35.61,0.715851,1.552818,PS,PS,5226.931,True
2025-01-27 23:00:00,2025-01-28 04:00:00+00:00,51301,PSEG,35.192127,32.75,0.736293,1.705834,PS,PS,4962.038,True
2025-01-28 00:00:00,2025-01-28 05:00:00+00:00,51301,PSEG,33.828978,31.56,0.740012,1.528966,PS,PS,4755.815,True
2025-01-28 01:00:00,2025-01-28 06:00:00+00:00,51301,PSEG,33.384383,31.26,0.658005,1.466378,PS,PS,4620.885,True
2025-01-28 02:00:00,2025-01-28 07:00:00+00:00,51301,PSEG,32.328592,30.45,0.451406,1.427186,PS,PS,4535.992,True
2025-01-28 03:00:00,2025-01-28 08:00:00+00:00,51301,PSEG,32.864686,30.86,0.427728,1.576958,PS,PS,4498.192,True
2025-01-28 04:00:00,2025-01-28 09:00:00+00:00,51301,PSEG,35.100193,33.06,0.469876,1.570317,PS,PS,4561.825,True
2025-01-28 05:00:00,2025-01-28 10:00:00+00:00,51301,PSEG,38.363602,36.22,0.676424,1.467178,PS,PS,4785.091,True
2025-01-28 06:00:00,2025-01-28 11:00:00+00:00,51301,PSEG,55.667312,53.94,-1.293837,3.021149,PS,PS,5151.068,True
2025-01-28 07:00:00,2025-01-28 12:00:00+00:00,51301,PSEG,87.885621,78.0,1.028776,8.856845,PS,PS,5373.61,True
2025-01-28 08:00:00,2025-01-28 13:00:00+00:00,51301,PSEG,46.981712,41.72,0.573486,4.688226,PS,PS,5279.089,True
2025-01-28 09:00:00,2025-01-28 14:00:00+00:00,51301,PSEG,41.02034,36.3,0.716738,4.003602,PS,PS,5123.597,True
2025-01-28 10:00:00,2025-01-28 15:00:00+00:00,51301,PSEG,37.16512,32.68,0.777834,3.707286,PS,PS,5025.969,True
2025-01-28 11:00:00,2025-01-28 16:00:00+00:00,51301,PSEG,34.724839,30.6,0.702701,3.422138,PS,PS,4910.026,True
2025-01-28 12:00:00,2025-01-28 17:00:00+00:00,51301,PSEG,33.038394,28.66,1.034656,3.343738,PS,PS,4671.733,True
2025-01-28 13:00:00,2025-01-28 18:00:00+00:00,51301,PSEG,31.570004,26.91,1.48601,3.173994,PS,PS,4668.229,True
2025-01-28 14:00:00,2025-01-28 19:00:00+00:00,51301,PSEG,30.204785,25.33,1.808148,3.066637,PS,PS,4788.402,True
2025-01-28 15:00:00,2025-01-28 20:00:00+00:00,51301,PSEG,30.435031,25.62,1.766245,3.048786,PS,PS,5006.196,True
2025-01-28 16:00:00,2025-01-28 21:00:00+00:00,51301,PSEG,34.177801,29.1,1.743027,3.334774,PS,PS,5365.615,True
2025-01-28 17:00:00,2025-01-28 22:00:00+00:00,51301,PSEG,52.005645,44.8,2.061768,5.143877,PS,PS,5673.067,True
2025-01-28 18:00:00,2025-01-28 23:00:00+00:00,51301,PSEG,51.188475,44.01,2.116876,5.061599,PS,PS,5763.768,True
2025-01-28 19:00:00,2025-01-29 00:00:00+00:00,51301,PSEG,48.097113,41.85,1.416022,4.831091,PS,PS,5731.267,True
2025-01-28 20:00:00,2025-01-29 01:00:00+00:00,51301,PSEG,44.068922,38.44,1.255428,4.373494,PS,PS,5634.267,True
2025-01-28 21:00:00,2025-01-29 02:00:00+00:00,51301,PSEG,41.531244,36.21,1.230177,4.091067,PS,PS,5487.131,True
2025-01-28 22:00:00,2025-01-29 03:00:00+00:00,51301,PSEG,35.547196,31.46,1.057892,3.029304,PS,PS,5214.857,True
2025-01-28 23:00:00,2025-01-29 04:00:00+00:00,51301,PSEG,33.366284,27.67,2.561722,3.134562,PS,PS,4955.226,True
2025-01-29 00:00:00,2025-01-29 05:00:00+00:00,51301,PSEG,30.281812,27.25,1.329616,1.702196,PS,PS,4700.463,True
2025-01-29 01:00:00,2025-01-29 06:00:00+00:00,51301,PSEG,29.872752,26.97,1.408784,1.493968,PS,PS,4535.26,True
2025-01-29 02:00:00,2025-01-29 07:00:00+00:00,51301,PSEG,29.150045,26.56,1.238448,1.351597,PS,PS,4459.074,True
2025-01-29 03:00:00,2025-01-29 08:00:00+00:00,51301,PSEG,31.023998,28.47,1.21826,1.335738,PS,PS,4437.239,True
2025-01-29 04:00:00,2025-01-29 09:00:00+00:00,51301,PSEG,31.588369,29.12,1.218578,1.249791,PS,PS,4504.051,True
2025-01-29 05:00:00,2025-01-29 10:00:00+00:00,51301,PSEG,34.845755,32.11,1.396125,1.33963,PS,PS,4726.046,True
2025-01-29 06:00:00,2025-01-29 11:00:00+00:00,51301,PSEG,49.769969,46.95,1.979087,0.840882,PS,PS,5090.149,True
2025-01-29 07:00:00,2025-01-29 12:00:00+00:00,51301,PSEG,57.327586,51.7,1.583713,4.043873,PS,PS,5278.017,True
2025-01-29 08:00:00,2025-01-29 13:00:00+00:00,51301,PSEG,39.478296,35.85,0.63689,2.991406,PS,PS,5142.501,True
2025-01-29 09:00:00,2025-01-29 14:00:00+00:00,51301,PSEG,31.83972,28.8,0.487915,2.551805,PS,PS,4857.577,True
2025-01-29 10:00:00,2025-01-29 15:00:00+00:00,51301,PSEG,29.470523,26.63,0.491958,2.348565,PS,PS,4555.397,True
2025-01-29 11:00:00,2025-01-29 16:00:00+00:00,51301,PSEG,29.303981,26.63,0.382248,2.291733,PS,PS,4489.58,True
2025-01-29 12:00:00,2025-01-29 17:00:00+00:00,51301,PSEG,29.281564,26.46,0.36097,2.460594,PS,PS,4596.572,True
2025-01-29 13:00:00,2025-01-29 18:00:00+00:00,51301,PSEG,29.683038,26.52,0.362885,2.800153,PS,PS,4532.625,True
2025-01-29 14:00:00,2025-01-29 19:00:00+00:00,51301,PSEG,29.49165,26.27,0.322443,2.899207,PS,PS,4671.968,True
2025-01-29 15:00:00,2025-01-29 20:00:00+00:00,51301,PSEG,30.130553,26.78,0.361139,2.989414,PS,PS,4928.285,True
2025-01-29 16:00:00,2025-01-29 21:00:00+00:00,51301,PSEG,34.365467,30.65,0.381541,3.333926,PS,PS,5179.157,True
2025-01-29 17:00:00,2025-01-29 22:00:00+00:00,51301,PSEG,58.513223,52.53,0.602073,5.38115,PS,PS,5478.222,True
2025-01-29 18:00:00,2025-01-29 23:00:00+00:00,51301,PSEG,57.028901,53.03,-1.328458,5.327359,PS,PS,5585.652,True
2025-01-29 19:00:00,2025-01-30 00:00:00+00:00,51301,PSEG,52.283782,48.14,-0.580467,4.724249,PS,PS,5533.622,True
2025-01-29 20:00:00,2025-01-30 01:00:00+00:00,51301,PSEG,54.141546,48.62,0.601862,4.919684,PS,PS,5485.127,True
2025-01-29 21:00:00,2025-01-30 02:00:00+00:00,51301,PSEG,46.496776,41.73,0.460696,4.30608,PS,PS,5355.025,True
2025-01-29 22:00:00,2025-01-30 03:00:00+00:00,51301,PSEG,40.282561,36.99,0.32773,2.964831,PS,PS,5134.11,True
2025-01-29 23:00:00,2025-01-30 04:00:00+00:00,51301,PSEG,38.123766,34.32,0.489634,3.314132,PS,PS,4926.956,True
2025-01-30 00:00:00,2025-01-30 05:00:00+00:00,51301,PSEG,35.445396,32.3,1.34494,1.800456,PS,PS,4743.118,True
2025-01-30 01:00:00,2025-01-30 06:00:00+00:00,51301,PSEG,34.083571,31.02,1.331959,1.731612,PS,PS,4636.785,True
2025-01-30 02:00:00,2025-01-30 07:00:00+00:00,51301,PSEG,33.40341,30.5,1.440011,1.463399,PS,PS,4584.05,True
2025-01-30 03:00:00,2025-01-30 08:00:00+00:00,51301,PSEG,34.996122,31.4,2.118674,1.477448,PS,PS,4576.163,True
2025-01-30 04:00:00,2025-01-30 09:00:00+00:00,51301,PSEG,37.172011,33.02,2.522818,1.629193,PS,PS,4662.288,True
2025-01-30 05:00:00,2025-01-30 10:00:00+00:00,51301,PSEG,38.663674,35.16,1.733099,1.770575,PS,PS,4908.678,True
2025-01-30 06:00:00,2025-01-30 11:00:00+00:00,51301,PSEG,57.140064,53.34,1.55898,2.241084,PS,PS,5329.535,True
2025-01-30 07:00:00,2025-01-30 12:00:00+00:00,51301,PSEG,63.781263,60.06,0.762606,2.958657,PS,PS,5555.943,True
2025-01-30 08:00:00,2025-01-30 13:00:00+00:00,51301,PSEG,38.096882,36.24,0.542323,1.314559,PS,PS,5391.98,True
2025-01-30 09:00:00,2025-01-30 14:00:00+00:00,51301,PSEG,33.036551,29.55,2.025277,1.461274,PS,PS,5103.883,True
2025-01-30 10:00:00,2025-01-30 15:00:00+00:00,51301,PSEG,30.069657,27.13,1.54735,1.392307,PS,PS,4864.982,True
2025-01-30 11:00:00,2025-01-30 16:00:00+00:00,51301,PSEG,28.876255,26.71,0.942134,1.224121,PS,PS,4703.574,True
2025-01-30 12:00:00,2025-01-30 17:00:00+00:00,51301,PSEG,28.315537,26.6,0.717322,0.998215,PS,PS,4632.159,True
2025-01-30 13:00:00,2025-01-30 18:00:00+00:00,51301,PSEG,27.833302,26.33,0.57328,0.930022,PS,PS,4676.877,True
2025-01-30 14:00:00,2025-01-30 19:00:00+00:00,51301,PSEG,28.081569,26.62,0.605481,0.856088,PS,PS,4780.257,True
2025-01-30 15:00:00,2025-01-30 20:00:00+00:00,51301,PSEG,29.847025,27.78,1.091204,0.975821,PS,PS,5062.671,True
2025-01-30 16:00:00,2025-01-30 21:00:00+00:00,51301,PSEG,34.701211,32.27,1.338361,1.09285,PS,PS,5402.611,True
2025-01-30 17:00:00,2025-01-30 22:00:00+00:00,51301,PSEG,40.332778,38.06,1.014833,1.257945,PS,PS,5699.232,True
2025-01-30 18:00:00,2025-01-30 23:00:00+00:00,51301,PSEG,39.153764,37.64,0.924087,0.589677,PS,PS,5761.423,True
2025-01-30 19:00:00,2025-01-31 00:00:00+00:00,51301,PSEG,38.513628,36.92,0.956571,0.637057,PS,PS,5708.866,True
2025-01-30 20:00:00,2025-01-31 01:00:00+00:00,51301,PSEG,37.927617,36.27,0.888105,0.769512,PS,PS,5597.406,True
2025-01-30 21:00:00,2025-01-31 02:00:00+00:00,51301,PSEG,35.197149,33.67,0.834548,0.692601,PS,PS,5442.758,True
2025-01-30 22:00:00,2025-01-31 03:00:00+00:00,51301,PSEG,31.696859,30.34,0.75605,0.600809,PS,PS,5179.353,True
2025-01-30 23:00:00,2025-01-31 04:00:00+00:00,51301,PSEG,29.57039,27.5,1.338069,0.732321,PS,PS,4909.623,True
2025-01-31 00:00:00,2025-01-31 05:00:00+00:00,51301,PSEG,32.151319,27.91,3.538761,0.702558,PS,PS,4422.515,True
2025-01-31 01:00:00,2025-01-31 06:00:00+00:00,51301,PSEG,31.108266,27.38,2.951638,0.776628,PS,PS,4262.673,True
2025-01-31 02:00:00,2025-01-31 07:00:00+00:00,51301,PSEG,29.921936,26.41,2.66686,0.845076,PS,PS,4155.454,True
2025-01-31 03:00:00,2025-01-31 08:00:00+00:00,51301,PSEG,29.636108,26.25,2.620937,0.765171,PS,PS,4111.716,True
2025-01-31 04:00:00,2025-01-31 09:00:00+00:00,51301,PSEG,29.843508,26.25,2.939326,0.654182,PS,PS,4151.348,True
2025-01-31 05:00:00,2025-01-31 10:00:00+00:00,51301,PSEG,31.541961,27.88,3.024286,0.637675,PS,PS,4327.007,True
2025-01-31 06:00:00,2025-01-31 11:00:00+00:00,51301,PSEG,36.696074,32.91,2.645895,1.140179,PS,PS,4649.663,True
2025-01-31 07:00:00,2025-01-31 12:00:00+00:00,51301,PSEG,41.169977,36.94,2.890367,1.33961,PS,PS,4918.857,True
2025-01-31 08:00:00,2025-01-31 13:00:00+00:00,51301,PSEG,42.695316,39.25,2.515157,0.930159,PS,PS,5011.412,True
2025-01-31 09:00:00,2025-01-31 14:00:00+00:00,51301,PSEG,41.933142,37.76,2.719875,1.453267,PS,PS,5059.813,True
2025-01-31 10:00:00,2025-01-31 15:00:00+00:00,51301,PSEG,44.297018,36.46,5.907196,1.929822,PS,PS,5087.895,True
2025-01-31 11:00:00,2025-01-31 16:00:00+00:00,51301,PSEG,43.122483,34.97,6.602657,1.549826,PS,PS,5034.09,True
2025-01-31 12:00:00,2025-01-31 17:00:00+00:00,51301,PSEG,40.614458,33.56,5.911714,1.142744,PS,PS,5024.455,True
2025-01-31 13:00:00,2025-01-31 18:00:00+00:00,51301,PSEG,38.668813,31.62,5.969852,1.078961,PS,PS,5022.659,True
2025-01-31 14:00:00,2025-01-31 19:00:00+00:00,51301,PSEG,37.884318,29.9,6.933697,1.050621,PS,PS,5022.023,True
2025-01-31 15:00:00,2025-01-31 20:00:00+00:00,51301,PSEG,34.202024,29.03,4.169457,1.002567,PS,PS,5033.012,True
2025-01-31 16:00:00,2025-01-31 21:00:00+00:00,51301,PSEG,34.146181,30.4,2.500702,1.245479,PS,PS,5080.539,True
2025-01-31 17:00:00,2025-01-31 22:00:00+00:00,51301,PSEG,41.826689,36.84,3.6489,1.337789,PS,PS,5187.268,True
2025-01-31 18:00:00,2025-01-31 23:00:00+00:00,51301,PSEG,38.826222,34.95,2.777426,1.098796,PS,PS,5377.45,True
2025-01-31 19:00:00,2025-02-01 00:00:00+00:00,51301,PSEG,35.710552,31.13,3.729588,0.850964,PS,PS,5258.788,True
2025-01-31 20:00:00,2025-02-01 01:00:00+00:00,51301,PSEG,33.457715,30.32,2.066537,1.071178,PS,PS,5145.945,True
2025-01-31 21:00:00,2025-02-01 02:00:00+00:00,51301,PSEG,32.096253,29.26,2.000085,0.836168,PS,PS,4995.612,True
2025-01-31 22:00:00,2025-02-01 03:00:00+00:00,51301,PSEG,29.73459,26.42,2.373858,0.940732,PS,PS,4789.388,True
2025-01-31 23:00:00,2025-02-01 04:00:00+00:00,51301,PSEG,26.340497,24.88,0.440498,1.019999,PS,PS,4551.486,True
